MaHP	TenHP	TinChi	Max	DaDangKy	LichHoc
DS101	Thiet ke he thong Nâng Cao 1	3	100	48	Thu 2 - Ca 3 - A2.202
CS102	Toan cao cap Nâng Cao 2	3	100	75	Thu 5 - Ca 3 - A2.202
NT103	Thiet ke he thong Nâng Cao 3	4	90	7	Thu 7 - Ca 3 - C2.602
SE104	Khai thac du lieu Nâng Cao 4	2	60	9	Thu 7 - Ca 4 - B2.402
IS105	Dien toan dam may Nâng Cao 5	2	80	59	Thu 2 - Ca 2 - B1.301
CE106	Xy ly anh Nâng Cao 6	3	100	43	Thu 5 - Ca 1 - B2.402
DS107	Cau truc du lieu Nâng Cao 7	2	50	44	Thu 2 - Ca 3 - A1.101
CS108	Tri tue nhan tao Nâng Cao 8	4	100	99	Thu 7 - Ca 3 - B1.301
IS109	Mang may tinh Nâng Cao 9	2	70	68	Thu 6 - Ca 4 - A1.101
MA110	Xy ly anh Nâng Cao 10	4	90	40	Thu 6 - Ca 4 - B2.402
IS111	Mang may tinh Nâng Cao 11	2	40	10	Thu 2 - Ca 1 - C1.501
AI112	Thiet ke he thong Nâng Cao 12	3	70	64	Thu 3 - Ca 4 - C2.602
CE113	Thiet ke he thong Nâng Cao 13	2	50	23	Thu 6 - Ca 1 - A1.101
DS114	Co so du lieu Nâng Cao 14	4	100	71	Thu 5 - Ca 1 - B2.402
AI115	Lap trinh Nâng Cao 15	3	90	41	Thu 4 - Ca 4 - C2.602
DS116	Toan cao cap Nâng Cao 16	2	60	53	Thu 5 - Ca 3 - C1.501
PH117	Vat ly dai hoc Nâng Cao 17	3	100	90	Thu 2 - Ca 2 - B2.402
NT118	Cau truc du lieu Nâng Cao 18	4	60	2	Thu 7 - Ca 3 - B2.402
DS119	Khai thac du lieu Nâng Cao 19	2	60	27	Thu 3 - Ca 1 - B2.402
CE120	Mang may tinh Nâng Cao 20	3	70	39	Thu 3 - Ca 3 - C1.501
SE121	Vat ly dai hoc Nâng Cao 21	2	70	31	Thu 2 - Ca 3 - B2.402
NT122	Tri tue nhan tao Nâng Cao 22	2	80	48	Thu 6 - Ca 3 - B1.301
NT123	Xy ly anh Nâng Cao 23	2	60	27	Thu 5 - Ca 3 - B2.402
AI124	Lap trinh Nâng Cao 24	3	40	12	Thu 5 - Ca 4 - A1.101
LL125	Xy ly anh Nâng Cao 25	2	50	8	Thu 4 - Ca 3 - A1.101
CE126	Xy ly anh Nâng Cao 26	3	100	39	Thu 7 - Ca 4 - A2.202
MA127	An toan thong tin Nâng Cao 27	2	60	5	Thu 3 - Ca 4 - A1.101
IS128	Co so du lieu Nâng Cao 28	4	60	25	Thu 2 - Ca 3 - C2.602
IS129	Dien toan dam may Nâng Cao 29	4	90	76	Thu 2 - Ca 3 - A2.202
CS130	Vat ly dai hoc Nâng Cao 30	2	70	68	Thu 7 - Ca 3 - A1.101
AI131	Lap trinh Nâng Cao 31	2	90	65	Thu 4 - Ca 4 - A1.101
IS132	Xy ly anh Nâng Cao 32	4	40	32	Thu 5 - Ca 4 - B2.402
MA133	Lap trinh Nâng Cao 33	2	60	39	Thu 2 - Ca 2 - C1.501
IS134	Lap trinh Nâng Cao 34	4	80	43	Thu 6 - Ca 3 - C2.602
LL135	Lap trinh Nâng Cao 35	2	40	27	Thu 6 - Ca 4 - A2.202
DS136	Tri tue nhan tao Nâng Cao 36	4	80	40	Thu 3 - Ca 2 - A1.101
AI137	Toan cao cap Nâng Cao 37	4	100	92	Thu 6 - Ca 1 - B2.402
DS138	Mang may tinh Nâng Cao 38	3	100	44	Thu 4 - Ca 1 - A1.101
NT139	Vat ly dai hoc Nâng Cao 39	3	90	64	Thu 7 - Ca 4 - A2.202
LL140	Vat ly dai hoc Nâng Cao 40	2	40	18	Thu 4 - Ca 2 - C2.602
MA141	Cau truc du lieu Nâng Cao 41	2	50	18	Thu 5 - Ca 3 - C2.602
IS142	Toan cao cap Nâng Cao 42	3	90	31	Thu 6 - Ca 1 - C1.501
MA143	Tri tue nhan tao Nâng Cao 43	4	70	29	Thu 4 - Ca 3 - C2.602
MA144	Co so du lieu Nâng Cao 44	4	60	47	Thu 4 - Ca 3 - C1.501
CE145	Lap trinh Nâng Cao 45	4	50	19	Thu 6 - Ca 1 - A1.101
CE146	Cau truc du lieu Nâng Cao 46	2	70	29	Thu 7 - Ca 2 - B1.301
AI147	Khai thac du lieu Nâng Cao 47	3	50	10	Thu 3 - Ca 2 - C1.501
SE148	An toan thong tin Nâng Cao 48	4	90	2	Thu 6 - Ca 2 - A2.202
PH149	Vat ly dai hoc Nâng Cao 49	4	60	38	Thu 6 - Ca 3 - C2.602
CS150	Dien toan dam may Nâng Cao 50	3	70	70	Thu 6 - Ca 1 - C2.602
MA151	Lap trinh Nâng Cao 51	2	90	82	Thu 2 - Ca 4 - C1.501
SE152	Xy ly anh Nâng Cao 52	2	50	3	Thu 5 - Ca 3 - A2.202
CE153	Toan cao cap Nâng Cao 53	3	90	6	Thu 7 - Ca 4 - B1.301
SE154	Toan cao cap Nâng Cao 54	2	50	34	Thu 3 - Ca 1 - B1.301
AI155	Cau truc du lieu Nâng Cao 55	4	80	75	Thu 3 - Ca 2 - B2.402
MA156	An toan thong tin Nâng Cao 56	3	70	65	Thu 3 - Ca 1 - C1.501
NT157	Toan cao cap Nâng Cao 57	4	90	29	Thu 3 - Ca 1 - B2.402
PH158	Mang may tinh Nâng Cao 58	3	100	87	Thu 6 - Ca 3 - B2.402
AI159	An toan thong tin Nâng Cao 59	3	90	0	Thu 5 - Ca 4 - A2.202
SE160	Toan cao cap Nâng Cao 60	2	100	76	Thu 7 - Ca 4 - C2.602
PH161	Co so du lieu Nâng Cao 61	4	80	76	Thu 3 - Ca 1 - B2.402
CE162	Dien toan dam may Nâng Cao 62	4	40	11	Thu 7 - Ca 2 - C1.501
SE163	Xy ly anh Nâng Cao 63	4	100	13	Thu 6 - Ca 1 - A2.202
MA164	Xy ly anh Nâng Cao 64	2	90	29	Thu 4 - Ca 1 - A1.101
LL165	Co so du lieu Nâng Cao 65	2	70	4	Thu 4 - Ca 1 - A1.101
LL166	Xy ly anh Nâng Cao 66	3	100	8	Thu 2 - Ca 3 - A2.202
MA167	Khai thac du lieu Nâng Cao 67	2	70	27	Thu 5 - Ca 1 - C2.602
PH168	An toan thong tin Nâng Cao 68	3	70	6	Thu 4 - Ca 4 - B2.402
DS169	Tri tue nhan tao Nâng Cao 69	3	90	62	Thu 7 - Ca 4 - C1.501
IS170	Lap trinh Nâng Cao 70	4	100	28	Thu 3 - Ca 2 - A1.101
CS171	Cau truc du lieu Nâng Cao 71	3	80	45	Thu 3 - Ca 1 - C2.602
IS172	Dien toan dam may Nâng Cao 72	3	70	16	Thu 6 - Ca 4 - A2.202
NT173	Lap trinh Nâng Cao 73	3	60	28	Thu 4 - Ca 3 - B1.301
CE174	Toan cao cap Nâng Cao 74	2	60	15	Thu 2 - Ca 2 - A1.101
AI175	Dien toan dam may Nâng Cao 75	4	100	25	Thu 7 - Ca 1 - A1.101
CS176	Co so du lieu Nâng Cao 76	4	80	7	Thu 5 - Ca 2 - B1.301
CS177	Mang may tinh Nâng Cao 77	3	80	17	Thu 5 - Ca 1 - A1.101
LL178	Vat ly dai hoc Nâng Cao 78	3	80	2	Thu 3 - Ca 3 - C1.501
PH179	Mang may tinh Nâng Cao 79	4	80	50	Thu 3 - Ca 4 - A2.202
CE180	Cau truc du lieu Nâng Cao 80	3	80	4	Thu 3 - Ca 2 - A1.101
AI181	Cau truc du lieu Nâng Cao 81	2	100	72	Thu 4 - Ca 3 - C1.501
CS182	Cau truc du lieu Nâng Cao 82	3	80	7	Thu 4 - Ca 2 - B2.402
CE183	Dien toan dam may Nâng Cao 83	4	50	30	Thu 7 - Ca 3 - B1.301
CE184	Toan cao cap Nâng Cao 84	3	100	82	Thu 7 - Ca 3 - C1.501
NT185	Co so du lieu Nâng Cao 85	4	40	26	Thu 7 - Ca 1 - C2.602
PH186	Vat ly dai hoc Nâng Cao 86	4	60	52	Thu 4 - Ca 3 - A2.202
SE187	Co so du lieu Nâng Cao 87	3	80	29	Thu 7 - Ca 2 - B2.402
CS188	An toan thong tin Nâng Cao 88	2	60	20	Thu 6 - Ca 1 - B1.301
SE189	Vat ly dai hoc Nâng Cao 89	4	60	34	Thu 2 - Ca 2 - A2.202
SE190	Toan cao cap Nâng Cao 90	3	90	60	Thu 2 - Ca 1 - B1.301
MA191	Xy ly anh Nâng Cao 91	3	90	24	Thu 3 - Ca 4 - C1.501
LL192	Co so du lieu Nâng Cao 92	4	70	29	Thu 6 - Ca 1 - B1.301
MA193	Thiet ke he thong Nâng Cao 93	2	50	45	Thu 4 - Ca 3 - B2.402
DS194	Tri tue nhan tao Nâng Cao 94	3	90	21	Thu 3 - Ca 1 - B2.402
SE195	Thiet ke he thong Nâng Cao 95	4	80	57	Thu 3 - Ca 1 - C2.602
SE196	Tri tue nhan tao Nâng Cao 96	4	90	54	Thu 3 - Ca 3 - A2.202
LL197	Khai thac du lieu Nâng Cao 97	4	60	12	Thu 2 - Ca 3 - C2.602
CE198	An toan thong tin Nâng Cao 98	3	40	36	Thu 5 - Ca 3 - C2.602
MA199	Xy ly anh Nâng Cao 99	4	60	6	Thu 4 - Ca 2 - B1.301
IS200	Thiet ke he thong Nâng Cao 100	3	40	5	Thu 4 - Ca 2 - B1.301
SE201	Vat ly dai hoc Nâng Cao 101	4	50	2	Thu 5 - Ca 3 - B2.402
CS202	Thiet ke he thong Nâng Cao 102	4	100	30	Thu 2 - Ca 2 - B2.402
LL203	Khai thac du lieu Nâng Cao 103	4	90	34	Thu 5 - Ca 3 - B2.402
DS204	Tri tue nhan tao Nâng Cao 104	2	90	81	Thu 4 - Ca 3 - C2.602
DS205	An toan thong tin Nâng Cao 105	4	100	66	Thu 5 - Ca 3 - C1.501
AI206	Cau truc du lieu Nâng Cao 106	2	50	37	Thu 7 - Ca 2 - C2.602
CE207	Cau truc du lieu Nâng Cao 107	4	80	44	Thu 5 - Ca 3 - C1.501
NT208	Mang may tinh Nâng Cao 108	4	60	15	Thu 6 - Ca 1 - B1.301
LL209	An toan thong tin Nâng Cao 109	2	50	8	Thu 7 - Ca 2 - B1.301
IS210	Lap trinh Nâng Cao 110	4	80	56	Thu 3 - Ca 1 - B2.402
MA211	An toan thong tin Nâng Cao 111	3	50	39	Thu 2 - Ca 3 - A2.202
CE212	Toan cao cap Nâng Cao 112	3	80	51	Thu 7 - Ca 1 - A2.202
CS213	Cau truc du lieu Nâng Cao 113	4	90	0	Thu 2 - Ca 4 - C1.501
AI214	Thiet ke he thong Nâng Cao 114	3	60	44	Thu 3 - Ca 4 - B2.402
PH215	Xy ly anh Nâng Cao 115	3	60	34	Thu 2 - Ca 2 - C1.501
AI216	Khai thac du lieu Nâng Cao 116	3	40	22	Thu 3 - Ca 3 - A1.101
AI217	Khai thac du lieu Nâng Cao 117	2	60	52	Thu 2 - Ca 2 - A1.101
NT218	Cau truc du lieu Nâng Cao 118	2	50	28	Thu 6 - Ca 1 - C2.602
PH219	Toan cao cap Nâng Cao 119	2	80	7	Thu 6 - Ca 1 - B1.301
DS220	Mang may tinh Nâng Cao 120	4	40	2	Thu 4 - Ca 2 - A2.202
PH221	Co so du lieu Nâng Cao 121	2	40	18	Thu 3 - Ca 4 - B1.301
AI222	Dien toan dam may Nâng Cao 122	3	80	42	Thu 4 - Ca 4 - B2.402
CS223	Toan cao cap Nâng Cao 123	2	90	15	Thu 5 - Ca 4 - C1.501
IS224	Tri tue nhan tao Nâng Cao 124	4	60	12	Thu 7 - Ca 2 - B1.301
MA225	Co so du lieu Nâng Cao 125	2	90	35	Thu 4 - Ca 1 - C2.602
PH226	Khai thac du lieu Nâng Cao 126	4	100	18	Thu 3 - Ca 1 - C2.602
CE227	Khai thac du lieu Nâng Cao 127	3	100	99	Thu 2 - Ca 2 - A1.101
SE228	Lap trinh Nâng Cao 128	2	60	20	Thu 5 - Ca 4 - C1.501
SE229	Dien toan dam may Nâng Cao 129	3	40	9	Thu 2 - Ca 2 - B2.402
DS230	Dien toan dam may Nâng Cao 130	4	40	9	Thu 6 - Ca 3 - B1.301
SE231	Toan cao cap Nâng Cao 131	2	100	54	Thu 6 - Ca 3 - C1.501
PH232	Cau truc du lieu Nâng Cao 132	2	60	44	Thu 6 - Ca 4 - C1.501
IS233	Mang may tinh Nâng Cao 133	2	70	46	Thu 3 - Ca 2 - C1.501
DS234	Toan cao cap Nâng Cao 134	3	60	51	Thu 6 - Ca 2 - A2.202
PH235	Cau truc du lieu Nâng Cao 135	2	60	16	Thu 7 - Ca 4 - B2.402
NT236	Co so du lieu Nâng Cao 136	2	60	33	Thu 5 - Ca 1 - B2.402
IS237	Mang may tinh Nâng Cao 137	2	50	37	Thu 4 - Ca 2 - A2.202
MA238	Co so du lieu Nâng Cao 138	4	40	28	Thu 3 - Ca 3 - A1.101
AI239	An toan thong tin Nâng Cao 139	3	70	17	Thu 3 - Ca 1 - A2.202
LL240	Thiet ke he thong Nâng Cao 140	3	80	48	Thu 3 - Ca 4 - B2.402
LL241	Vat ly dai hoc Nâng Cao 141	4	70	60	Thu 2 - Ca 2 - A1.101
AI242	Dien toan dam may Nâng Cao 142	3	90	56	Thu 3 - Ca 2 - C2.602
LL243	Lap trinh Nâng Cao 143	4	40	1	Thu 5 - Ca 1 - C1.501
IS244	Co so du lieu Nâng Cao 144	3	60	47	Thu 4 - Ca 1 - B2.402
NT245	Khai thac du lieu Nâng Cao 145	2	40	7	Thu 6 - Ca 1 - C2.602
IS246	Lap trinh Nâng Cao 146	3	70	17	Thu 7 - Ca 2 - C2.602
CS247	Co so du lieu Nâng Cao 147	3	100	33	Thu 2 - Ca 1 - B2.402
IS248	Thiet ke he thong Nâng Cao 148	2	70	8	Thu 3 - Ca 3 - C2.602
NT249	Xy ly anh Nâng Cao 149	3	50	12	Thu 4 - Ca 3 - C2.602
LL250	Khai thac du lieu Nâng Cao 150	4	100	38	Thu 7 - Ca 4 - B1.301
DS251	Co so du lieu Nâng Cao 151	3	80	34	Thu 6 - Ca 1 - A1.101
NT252	Thiet ke he thong Nâng Cao 152	3	60	23	Thu 4 - Ca 2 - C2.602
CE253	Dien toan dam may Nâng Cao 153	2	90	89	Thu 4 - Ca 2 - A1.101
LL254	Co so du lieu Nâng Cao 154	2	90	56	Thu 7 - Ca 3 - C1.501
MA255	Lap trinh Nâng Cao 155	3	70	55	Thu 4 - Ca 3 - B2.402
DS256	Mang may tinh Nâng Cao 156	2	40	22	Thu 6 - Ca 3 - A1.101
CS257	Cau truc du lieu Nâng Cao 157	2	70	41	Thu 5 - Ca 3 - B2.402
IS258	Thiet ke he thong Nâng Cao 158	2	100	82	Thu 7 - Ca 4 - B1.301
IS259	Tri tue nhan tao Nâng Cao 159	2	40	20	Thu 5 - Ca 2 - A2.202
CE260	Vat ly dai hoc Nâng Cao 160	2	60	28	Thu 2 - Ca 2 - B1.301
DS261	Cau truc du lieu Nâng Cao 161	3	80	9	Thu 4 - Ca 1 - A1.101
CE262	An toan thong tin Nâng Cao 162	3	100	67	Thu 6 - Ca 2 - B1.301
MA263	Cau truc du lieu Nâng Cao 163	2	100	9	Thu 7 - Ca 4 - B1.301
SE264	Lap trinh Nâng Cao 164	4	90	32	Thu 2 - Ca 2 - B2.402
IS265	Thiet ke he thong Nâng Cao 165	4	70	1	Thu 4 - Ca 1 - C2.602
PH266	An toan thong tin Nâng Cao 166	3	50	6	Thu 3 - Ca 2 - B1.301
NT267	Vat ly dai hoc Nâng Cao 167	2	70	28	Thu 2 - Ca 2 - B2.402
PH268	Dien toan dam may Nâng Cao 168	3	50	39	Thu 3 - Ca 4 - B2.402
LL269	Co so du lieu Nâng Cao 169	3	50	37	Thu 3 - Ca 2 - A2.202
PH270	Xy ly anh Nâng Cao 170	2	70	3	Thu 4 - Ca 4 - C2.602
AI271	Mang may tinh Nâng Cao 171	4	100	41	Thu 5 - Ca 3 - C1.501
PH272	Mang may tinh Nâng Cao 172	4	90	67	Thu 2 - Ca 3 - A2.202
CS273	Xy ly anh Nâng Cao 173	2	70	11	Thu 2 - Ca 2 - C1.501
DS274	Co so du lieu Nâng Cao 174	3	60	7	Thu 2 - Ca 3 - A2.202
CE275	Vat ly dai hoc Nâng Cao 175	2	50	17	Thu 5 - Ca 4 - B2.402
IS276	Khai thac du lieu Nâng Cao 176	3	70	50	Thu 3 - Ca 4 - A1.101
CS277	Vat ly dai hoc Nâng Cao 177	2	100	63	Thu 6 - Ca 1 - A2.202
NT278	Mang may tinh Nâng Cao 178	2	50	40	Thu 4 - Ca 4 - B2.402
NT279	Co so du lieu Nâng Cao 179	3	60	26	Thu 5 - Ca 4 - B2.402
AI280	An toan thong tin Nâng Cao 180	4	70	38	Thu 4 - Ca 3 - A1.101
MA281	Thiet ke he thong Nâng Cao 181	3	60	24	Thu 5 - Ca 1 - A1.101
DS282	Vat ly dai hoc Nâng Cao 182	4	70	2	Thu 4 - Ca 2 - C2.602
CE283	Tri tue nhan tao Nâng Cao 183	2	90	7	Thu 4 - Ca 4 - C1.501
IS284	Vat ly dai hoc Nâng Cao 184	4	80	80	Thu 5 - Ca 3 - B2.402
AI285	Cau truc du lieu Nâng Cao 185	2	90	59	Thu 7 - Ca 3 - B2.402
PH286	Vat ly dai hoc Nâng Cao 186	2	60	49	Thu 3 - Ca 2 - C2.602
CE287	Lap trinh Nâng Cao 187	4	60	53	Thu 4 - Ca 3 - A1.101
CE288	Toan cao cap Nâng Cao 188	2	50	19	Thu 5 - Ca 4 - B2.402
IS289	Vat ly dai hoc Nâng Cao 189	3	60	46	Thu 7 - Ca 1 - B2.402
IS290	Lap trinh Nâng Cao 190	3	70	39	Thu 3 - Ca 3 - A1.101
PH291	An toan thong tin Nâng Cao 191	3	40	5	Thu 3 - Ca 2 - B1.301
CE292	Cau truc du lieu Nâng Cao 192	3	50	26	Thu 2 - Ca 4 - C2.602
MA293	Xy ly anh Nâng Cao 193	4	80	65	Thu 2 - Ca 3 - A1.101
DS294	Co so du lieu Nâng Cao 194	2	50	13	Thu 3 - Ca 2 - A1.101
PH295	Dien toan dam may Nâng Cao 195	4	100	88	Thu 2 - Ca 1 - C2.602
SE296	An toan thong tin Nâng Cao 196	3	50	8	Thu 2 - Ca 4 - A1.101
SE297	Xy ly anh Nâng Cao 197	2	70	45	Thu 2 - Ca 1 - A1.101
NT298	Cau truc du lieu Nâng Cao 198	2	70	5	Thu 4 - Ca 3 - C1.501
CE299	Vat ly dai hoc Nâng Cao 199	3	60	42	Thu 6 - Ca 3 - B1.301
MA300	Vat ly dai hoc Nâng Cao 200	4	90	13	Thu 3 - Ca 3 - B1.301
PH301	Vat ly dai hoc Nâng Cao 201	4	40	24	Thu 4 - Ca 2 - C1.501
CE302	An toan thong tin Nâng Cao 202	2	100	12	Thu 2 - Ca 1 - B1.301
SE303	Lap trinh Nâng Cao 203	2	100	10	Thu 5 - Ca 1 - B2.402
AI304	Mang may tinh Nâng Cao 204	3	80	71	Thu 6 - Ca 2 - B2.402
IS305	Lap trinh Nâng Cao 205	3	40	18	Thu 3 - Ca 2 - C1.501
LL306	Mang may tinh Nâng Cao 206	2	100	71	Thu 2 - Ca 4 - A1.101
AI307	Mang may tinh Nâng Cao 207	3	100	54	Thu 6 - Ca 2 - B1.301
CS308	An toan thong tin Nâng Cao 208	3	90	18	Thu 3 - Ca 4 - C2.602
CS309	Thiet ke he thong Nâng Cao 209	3	70	56	Thu 7 - Ca 2 - A1.101
AI310	Lap trinh Nâng Cao 210	2	80	0	Thu 3 - Ca 2 - A2.202
NT311	Cau truc du lieu Nâng Cao 211	3	60	51	Thu 6 - Ca 3 - A2.202
SE312	Toan cao cap Nâng Cao 212	4	50	27	Thu 6 - Ca 3 - C1.501
LL313	Cau truc du lieu Nâng Cao 213	4	100	8	Thu 3 - Ca 2 - C2.602
PH314	Co so du lieu Nâng Cao 214	4	50	36	Thu 7 - Ca 4 - C2.602
AI315	Mang may tinh Nâng Cao 215	3	40	8	Thu 5 - Ca 3 - A1.101
SE316	Cau truc du lieu Nâng Cao 216	3	100	53	Thu 3 - Ca 3 - B2.402
CE317	Thiet ke he thong Nâng Cao 217	3	60	53	Thu 6 - Ca 1 - B1.301
IS318	Dien toan dam may Nâng Cao 218	4	70	16	Thu 2 - Ca 1 - A1.101
PH319	Vat ly dai hoc Nâng Cao 219	2	50	25	Thu 6 - Ca 3 - B1.301
CS320	Mang may tinh Nâng Cao 220	2	90	8	Thu 5 - Ca 1 - C2.602
MA321	Tri tue nhan tao Nâng Cao 221	2	70	48	Thu 4 - Ca 4 - C2.602
LL322	Cau truc du lieu Nâng Cao 222	2	100	14	Thu 5 - Ca 3 - C2.602
AI323	Thiet ke he thong Nâng Cao 223	3	100	86	Thu 2 - Ca 3 - B2.402
SE324	Mang may tinh Nâng Cao 224	2	80	35	Thu 5 - Ca 1 - C1.501
MA325	Khai thac du lieu Nâng Cao 225	2	80	54	Thu 6 - Ca 2 - C1.501
SE326	Co so du lieu Nâng Cao 226	4	70	11	Thu 5 - Ca 2 - C1.501
IS327	Lap trinh Nâng Cao 227	2	90	27	Thu 3 - Ca 2 - A2.202
CE328	Mang may tinh Nâng Cao 228	3	90	44	Thu 2 - Ca 2 - B1.301
SE329	Lap trinh Nâng Cao 229	2	90	50	Thu 7 - Ca 4 - A2.202
LL330	Dien toan dam may Nâng Cao 230	2	60	18	Thu 7 - Ca 3 - A2.202
NT331	Lap trinh Nâng Cao 231	4	100	31	Thu 2 - Ca 1 - B1.301
CS332	Thiet ke he thong Nâng Cao 232	2	90	71	Thu 4 - Ca 1 - B1.301
LL333	Lap trinh Nâng Cao 233	2	50	6	Thu 7 - Ca 1 - C1.501
CE334	Lap trinh Nâng Cao 234	4	60	54	Thu 2 - Ca 2 - C2.602
PH335	Xy ly anh Nâng Cao 235	2	70	61	Thu 4 - Ca 3 - A2.202
MA336	Mang may tinh Nâng Cao 236	3	80	75	Thu 7 - Ca 1 - C1.501
MA337	Thiet ke he thong Nâng Cao 237	2	80	47	Thu 3 - Ca 2 - B2.402
CS338	Vat ly dai hoc Nâng Cao 238	3	40	36	Thu 4 - Ca 2 - C1.501
CS339	Xy ly anh Nâng Cao 239	4	40	16	Thu 7 - Ca 1 - A2.202
AI340	Thiet ke he thong Nâng Cao 240	4	60	40	Thu 2 - Ca 3 - A1.101
AI341	Mang may tinh Nâng Cao 241	3	90	61	Thu 3 - Ca 3 - B1.301
AI342	Khai thac du lieu Nâng Cao 242	3	80	65	Thu 5 - Ca 3 - A2.202
IS343	Lap trinh Nâng Cao 243	2	100	57	Thu 5 - Ca 2 - A1.101
CE344	Khai thac du lieu Nâng Cao 244	4	70	6	Thu 4 - Ca 3 - C2.602
IS345	Dien toan dam may Nâng Cao 245	3	60	50	Thu 6 - Ca 3 - B1.301
AI346	Thiet ke he thong Nâng Cao 246	3	50	5	Thu 2 - Ca 3 - C1.501
LL347	Lap trinh Nâng Cao 247	4	90	64	Thu 5 - Ca 3 - A1.101
AI348	Toan cao cap Nâng Cao 248	3	70	39	Thu 4 - Ca 4 - C2.602
PH349	Xy ly anh Nâng Cao 249	3	60	21	Thu 5 - Ca 3 - C1.501
SE350	Co so du lieu Nâng Cao 250	2	100	19	Thu 6 - Ca 3 - A2.202
SE351	Vat ly dai hoc Nâng Cao 251	2	70	7	Thu 4 - Ca 3 - B2.402
CE352	Tri tue nhan tao Nâng Cao 252	4	90	31	Thu 6 - Ca 2 - C2.602
SE353	Tri tue nhan tao Nâng Cao 253	3	50	43	Thu 4 - Ca 2 - C2.602
MA354	Thiet ke he thong Nâng Cao 254	2	60	18	Thu 3 - Ca 2 - A2.202
CS355	Toan cao cap Nâng Cao 255	4	40	1	Thu 5 - Ca 3 - A2.202
AI356	Mang may tinh Nâng Cao 256	4	50	5	Thu 2 - Ca 3 - B2.402
MA357	An toan thong tin Nâng Cao 257	3	100	96	Thu 2 - Ca 1 - A2.202
LL358	Mang may tinh Nâng Cao 258	4	60	12	Thu 6 - Ca 2 - C1.501
CS359	Cau truc du lieu Nâng Cao 259	2	90	77	Thu 4 - Ca 3 - B2.402
PH360	Cau truc du lieu Nâng Cao 260	2	90	82	Thu 2 - Ca 4 - C2.602
PH361	Tri tue nhan tao Nâng Cao 261	2	40	17	Thu 3 - Ca 3 - B1.301
MA362	Vat ly dai hoc Nâng Cao 262	2	40	4	Thu 4 - Ca 3 - C2.602
LL363	Tri tue nhan tao Nâng Cao 263	3	70	47	Thu 4 - Ca 2 - A1.101
SE364	Lap trinh Nâng Cao 264	3	70	38	Thu 2 - Ca 4 - C1.501
AI365	An toan thong tin Nâng Cao 265	4	50	7	Thu 4 - Ca 1 - B2.402
PH366	Cau truc du lieu Nâng Cao 266	3	100	70	Thu 7 - Ca 2 - B1.301
MA367	Khai thac du lieu Nâng Cao 267	3	40	7	Thu 6 - Ca 1 - B1.301
PH368	Thiet ke he thong Nâng Cao 268	4	80	32	Thu 2 - Ca 1 - B1.301
LL369	Xy ly anh Nâng Cao 269	4	50	42	Thu 6 - Ca 2 - A2.202
AI370	Toan cao cap Nâng Cao 270	2	90	36	Thu 2 - Ca 3 - C2.602
IS371	An toan thong tin Nâng Cao 271	4	40	12	Thu 2 - Ca 3 - A2.202
CS372	Tri tue nhan tao Nâng Cao 272	2	80	10	Thu 7 - Ca 3 - C2.602
CE373	Mang may tinh Nâng Cao 273	4	100	86	Thu 5 - Ca 3 - A2.202
SE374	Dien toan dam may Nâng Cao 274	4	90	76	Thu 6 - Ca 1 - A2.202
LL375	Toan cao cap Nâng Cao 275	4	100	94	Thu 7 - Ca 1 - B1.301
CE376	Mang may tinh Nâng Cao 276	3	90	57	Thu 2 - Ca 3 - C1.501
AI377	Thiet ke he thong Nâng Cao 277	2	80	12	Thu 2 - Ca 4 - C2.602
CE378	Co so du lieu Nâng Cao 278	4	70	55	Thu 5 - Ca 1 - A1.101
DS379	Thiet ke he thong Nâng Cao 279	3	40	3	Thu 7 - Ca 2 - A2.202
CE380	Lap trinh Nâng Cao 280	4	50	48	Thu 4 - Ca 4 - B2.402
DS381	Toan cao cap Nâng Cao 281	2	50	20	Thu 6 - Ca 4 - C2.602
IS382	Cau truc du lieu Nâng Cao 282	3	60	21	Thu 4 - Ca 2 - A1.101
IS383	Thiet ke he thong Nâng Cao 283	3	40	30	Thu 3 - Ca 3 - B1.301
SE384	Co so du lieu Nâng Cao 284	3	80	10	Thu 7 - Ca 4 - C1.501
PH385	Toan cao cap Nâng Cao 285	3	80	0	Thu 3 - Ca 4 - B2.402
AI386	An toan thong tin Nâng Cao 286	3	40	32	Thu 7 - Ca 1 - A2.202
LL387	Dien toan dam may Nâng Cao 287	2	70	44	Thu 7 - Ca 4 - C1.501
NT388	Xy ly anh Nâng Cao 288	3	80	7	Thu 4 - Ca 4 - A1.101
CE389	Cau truc du lieu Nâng Cao 289	3	90	39	Thu 2 - Ca 3 - C2.602
DS390	Thiet ke he thong Nâng Cao 290	3	80	32	Thu 5 - Ca 2 - C1.501
CS391	An toan thong tin Nâng Cao 291	4	80	22	Thu 2 - Ca 4 - C2.602
NT392	Lap trinh Nâng Cao 292	2	50	25	Thu 3 - Ca 2 - A1.101
NT393	Vat ly dai hoc Nâng Cao 293	3	100	72	Thu 4 - Ca 2 - B1.301
AI394	Tri tue nhan tao Nâng Cao 294	2	90	32	Thu 3 - Ca 4 - A1.101
SE395	Lap trinh Nâng Cao 295	2	50	42	Thu 5 - Ca 3 - B1.301
PH396	Cau truc du lieu Nâng Cao 296	2	40	40	Thu 3 - Ca 2 - A1.101
CE397	Mang may tinh Nâng Cao 297	3	70	65	Thu 7 - Ca 1 - A2.202
DS398	Mang may tinh Nâng Cao 298	4	90	55	Thu 7 - Ca 3 - C2.602
IS399	Dien toan dam may Nâng Cao 299	2	70	26	Thu 2 - Ca 3 - A2.202
PH400	Co so du lieu Nâng Cao 300	2	100	65	Thu 5 - Ca 4 - A1.101
AI401	Vat ly dai hoc Nâng Cao 301	4	100	61	Thu 4 - Ca 3 - A2.202
AI402	An toan thong tin Nâng Cao 302	2	40	15	Thu 2 - Ca 4 - C2.602
CS403	Tri tue nhan tao Nâng Cao 303	4	90	71	Thu 6 - Ca 1 - A1.101
AI404	An toan thong tin Nâng Cao 304	3	50	47	Thu 7 - Ca 2 - A1.101
MA405	Mang may tinh Nâng Cao 305	3	50	36	Thu 5 - Ca 4 - C2.602
SE406	Khai thac du lieu Nâng Cao 306	2	40	14	Thu 6 - Ca 3 - A2.202
SE407	An toan thong tin Nâng Cao 307	3	90	68	Thu 6 - Ca 4 - A1.101
AI408	An toan thong tin Nâng Cao 308	2	50	38	Thu 6 - Ca 3 - C1.501
CE409	Cau truc du lieu Nâng Cao 309	4	80	67	Thu 5 - Ca 1 - C2.602
CS410	Thiet ke he thong Nâng Cao 310	2	50	40	Thu 6 - Ca 3 - A2.202
AI411	Tri tue nhan tao Nâng Cao 311	3	100	59	Thu 7 - Ca 2 - A2.202
CS412	An toan thong tin Nâng Cao 312	3	60	24	Thu 2 - Ca 1 - C1.501
NT413	Khai thac du lieu Nâng Cao 313	2	100	76	Thu 3 - Ca 2 - B2.402
LL414	Toan cao cap Nâng Cao 314	4	80	49	Thu 5 - Ca 1 - C2.602
DS415	Thiet ke he thong Nâng Cao 315	2	50	39	Thu 3 - Ca 3 - A1.101
AI416	Toan cao cap Nâng Cao 316	3	50	16	Thu 4 - Ca 1 - A1.101
MA417	An toan thong tin Nâng Cao 317	3	70	10	Thu 3 - Ca 2 - A2.202
AI418	Cau truc du lieu Nâng Cao 318	3	100	12	Thu 2 - Ca 4 - A1.101
MA419	Mang may tinh Nâng Cao 319	2	60	46	Thu 4 - Ca 4 - A2.202
AI420	Xy ly anh Nâng Cao 320	2	70	61	Thu 5 - Ca 2 - B1.301
SE421	Dien toan dam may Nâng Cao 321	3	40	36	Thu 2 - Ca 2 - B1.301
SE422	Cau truc du lieu Nâng Cao 322	4	70	27	Thu 5 - Ca 1 - A1.101
PH423	Toan cao cap Nâng Cao 323	2	100	8	Thu 7 - Ca 1 - B1.301
IS424	Dien toan dam may Nâng Cao 324	2	50	43	Thu 5 - Ca 4 - C1.501
NT425	Khai thac du lieu Nâng Cao 325	2	50	47	Thu 4 - Ca 1 - A2.202
IS426	Mang may tinh Nâng Cao 326	2	60	9	Thu 6 - Ca 4 - C2.602
CS427	Tri tue nhan tao Nâng Cao 327	3	40	13	Thu 5 - Ca 1 - A1.101
SE428	Dien toan dam may Nâng Cao 328	4	70	33	Thu 3 - Ca 1 - A1.101
AI429	Vat ly dai hoc Nâng Cao 329	2	50	8	Thu 6 - Ca 4 - A1.101
NT430	Thiet ke he thong Nâng Cao 330	4	50	43	Thu 2 - Ca 4 - B1.301
IS431	Co so du lieu Nâng Cao 331	2	40	8	Thu 4 - Ca 1 - A2.202
SE432	Co so du lieu Nâng Cao 332	3	70	16	Thu 2 - Ca 3 - C2.602
IS433	Dien toan dam may Nâng Cao 333	2	100	59	Thu 5 - Ca 3 - A2.202
LL434	An toan thong tin Nâng Cao 334	2	50	29	Thu 2 - Ca 2 - C1.501
DS435	Khai thac du lieu Nâng Cao 335	4	70	14	Thu 5 - Ca 4 - B2.402
MA436	Khai thac du lieu Nâng Cao 336	3	100	22	Thu 4 - Ca 2 - B1.301
CE437	Co so du lieu Nâng Cao 337	4	70	47	Thu 3 - Ca 1 - A2.202
DS438	Dien toan dam may Nâng Cao 338	2	70	7	Thu 5 - Ca 1 - B2.402
DS439	Co so du lieu Nâng Cao 339	2	60	59	Thu 3 - Ca 3 - A1.101
AI440	Lap trinh Nâng Cao 340	4	80	67	Thu 6 - Ca 3 - B2.402
MA441	Xy ly anh Nâng Cao 341	2	100	94	Thu 3 - Ca 2 - C1.501
CS442	An toan thong tin Nâng Cao 342	2	80	79	Thu 7 - Ca 2 - A2.202
MA443	Cau truc du lieu Nâng Cao 343	2	70	51	Thu 2 - Ca 1 - B2.402
SE444	Dien toan dam may Nâng Cao 344	4	100	59	Thu 3 - Ca 2 - C1.501
CE445	Co so du lieu Nâng Cao 345	2	70	6	Thu 2 - Ca 4 - C1.501
IS446	Thiet ke he thong Nâng Cao 346	2	90	57	Thu 5 - Ca 4 - C1.501
CE447	Thiet ke he thong Nâng Cao 347	4	100	15	Thu 3 - Ca 3 - B2.402
MA448	Co so du lieu Nâng Cao 348	4	80	19	Thu 7 - Ca 2 - B1.301
CE449	An toan thong tin Nâng Cao 349	4	60	4	Thu 4 - Ca 4 - C2.602
AI450	Co so du lieu Nâng Cao 350	4	40	38	Thu 4 - Ca 4 - B1.301
DS451	Vat ly dai hoc Nâng Cao 351	3	90	62	Thu 3 - Ca 1 - A1.101
IS452	Lap trinh Nâng Cao 352	2	70	47	Thu 6 - Ca 3 - C2.602
CE453	Thiet ke he thong Nâng Cao 353	4	50	41	Thu 4 - Ca 1 - A1.101
DS454	Vat ly dai hoc Nâng Cao 354	4	50	41	Thu 6 - Ca 1 - C1.501
SE455	Co so du lieu Nâng Cao 355	4	90	49	Thu 6 - Ca 2 - A1.101
CE456	Thiet ke he thong Nâng Cao 356	3	100	32	Thu 7 - Ca 3 - A2.202
MA457	Thiet ke he thong Nâng Cao 357	2	100	57	Thu 5 - Ca 1 - A1.101
LL458	Toan cao cap Nâng Cao 358	4	50	37	Thu 7 - Ca 4 - A2.202
SE459	Toan cao cap Nâng Cao 359	4	50	11	Thu 5 - Ca 2 - B2.402
MA460	Lap trinh Nâng Cao 360	4	50	1	Thu 5 - Ca 3 - A1.101
DS461	Lap trinh Nâng Cao 361	2	60	23	Thu 5 - Ca 4 - B2.402
CE462	Dien toan dam may Nâng Cao 362	4	40	17	Thu 2 - Ca 1 - B2.402
MA463	Toan cao cap Nâng Cao 363	4	90	8	Thu 3 - Ca 3 - A1.101
NT464	Mang may tinh Nâng Cao 364	4	80	52	Thu 5 - Ca 2 - C2.602
CE465	Lap trinh Nâng Cao 365	3	60	47	Thu 3 - Ca 3 - C2.602
CE466	Thiet ke he thong Nâng Cao 366	2	50	4	Thu 4 - Ca 3 - C1.501
LL467	Thiet ke he thong Nâng Cao 367	3	60	7	Thu 2 - Ca 2 - A1.101
LL468	Tri tue nhan tao Nâng Cao 368	3	50	32	Thu 7 - Ca 2 - A2.202
DS469	Co so du lieu Nâng Cao 369	2	50	32	Thu 7 - Ca 1 - A1.101
SE470	Cau truc du lieu Nâng Cao 370	2	40	16	Thu 6 - Ca 3 - A1.101
SE471	Mang may tinh Nâng Cao 371	2	40	22	Thu 6 - Ca 2 - B2.402
AI472	Vat ly dai hoc Nâng Cao 372	3	60	14	Thu 4 - Ca 3 - A1.101
NT473	Co so du lieu Nâng Cao 373	3	60	37	Thu 7 - Ca 4 - A2.202
MA474	Xy ly anh Nâng Cao 374	4	80	3	Thu 6 - Ca 4 - A1.101
AI475	An toan thong tin Nâng Cao 375	3	100	68	Thu 2 - Ca 1 - A2.202
SE476	Thiet ke he thong Nâng Cao 376	4	60	39	Thu 5 - Ca 2 - B1.301
NT477	An toan thong tin Nâng Cao 377	3	40	7	Thu 5 - Ca 1 - A1.101
LL478	Cau truc du lieu Nâng Cao 378	3	50	15	Thu 2 - Ca 3 - C2.602
AI479	Xy ly anh Nâng Cao 379	4	60	48	Thu 3 - Ca 3 - A1.101
DS480	Lap trinh Nâng Cao 380	3	50	14	Thu 4 - Ca 3 - C2.602
AI481	An toan thong tin Nâng Cao 381	3	40	0	Thu 4 - Ca 3 - C2.602
MA482	Xy ly anh Nâng Cao 382	3	100	51	Thu 6 - Ca 3 - A2.202
NT483	Tri tue nhan tao Nâng Cao 383	4	100	88	Thu 4 - Ca 1 - C2.602
NT484	Tri tue nhan tao Nâng Cao 384	3	40	35	Thu 4 - Ca 1 - C1.501
LL485	Tri tue nhan tao Nâng Cao 385	3	60	2	Thu 2 - Ca 3 - A2.202
DS486	Cau truc du lieu Nâng Cao 386	2	90	4	Thu 4 - Ca 1 - A1.101
SE487	Dien toan dam may Nâng Cao 387	3	40	27	Thu 7 - Ca 3 - B1.301
CE488	Khai thac du lieu Nâng Cao 388	4	60	40	Thu 3 - Ca 1 - B1.301
LL489	Xy ly anh Nâng Cao 389	2	80	22	Thu 5 - Ca 4 - B2.402
AI490	An toan thong tin Nâng Cao 390	3	60	6	Thu 4 - Ca 1 - B1.301
LL491	Tri tue nhan tao Nâng Cao 391	2	90	25	Thu 2 - Ca 4 - C2.602
IS492	Co so du lieu Nâng Cao 392	2	40	19	Thu 4 - Ca 2 - A2.202
IS493	Dien toan dam may Nâng Cao 393	2	50	46	Thu 2 - Ca 4 - C2.602
IS494	Toan cao cap Nâng Cao 394	3	70	65	Thu 4 - Ca 2 - A1.101
AI495	Co so du lieu Nâng Cao 395	3	90	79	Thu 3 - Ca 4 - A2.202
AI496	Thiet ke he thong Nâng Cao 396	3	60	47	Thu 2 - Ca 1 - A2.202
SE497	Mang may tinh Nâng Cao 397	3	50	0	Thu 2 - Ca 3 - B2.402
NT498	Vat ly dai hoc Nâng Cao 398	2	70	31	Thu 2 - Ca 4 - A1.101
LL499	Dien toan dam may Nâng Cao 399	3	60	46	Thu 2 - Ca 1 - A2.202
SE500	Co so du lieu Nâng Cao 400	3	80	33	Thu 3 - Ca 1 - C1.501
CE501	Co so du lieu Nâng Cao 401	3	60	54	Thu 7 - Ca 2 - C1.501
MA502	Co so du lieu Nâng Cao 402	3	60	40	Thu 6 - Ca 4 - A1.101
DS503	Vat ly dai hoc Nâng Cao 403	2	90	29	Thu 7 - Ca 1 - C2.602
MA504	Thiet ke he thong Nâng Cao 404	2	70	7	Thu 7 - Ca 3 - B2.402
PH505	Toan cao cap Nâng Cao 405	3	100	72	Thu 2 - Ca 1 - B1.301
DS506	Xy ly anh Nâng Cao 406	2	70	52	Thu 7 - Ca 2 - A2.202
CS507	Vat ly dai hoc Nâng Cao 407	2	70	66	Thu 4 - Ca 4 - A2.202
AI508	Thiet ke he thong Nâng Cao 408	4	70	0	Thu 7 - Ca 3 - A1.101
CE509	Toan cao cap Nâng Cao 409	3	90	75	Thu 6 - Ca 3 - B2.402
AI510	Toan cao cap Nâng Cao 410	3	80	11	Thu 4 - Ca 2 - C1.501
MA511	Xy ly anh Nâng Cao 411	4	100	78	Thu 7 - Ca 3 - C2.602
AI512	Mang may tinh Nâng Cao 412	2	90	9	Thu 6 - Ca 4 - A2.202
IS513	Co so du lieu Nâng Cao 413	3	90	30	Thu 5 - Ca 1 - C2.602
MA514	Tri tue nhan tao Nâng Cao 414	2	50	36	Thu 4 - Ca 2 - B2.402
PH515	An toan thong tin Nâng Cao 415	2	80	68	Thu 6 - Ca 1 - A1.101
IS516	Cau truc du lieu Nâng Cao 416	3	40	22	Thu 3 - Ca 2 - C2.602
SE517	Co so du lieu Nâng Cao 417	2	60	9	Thu 2 - Ca 2 - C2.602
SE518	Vat ly dai hoc Nâng Cao 418	2	60	47	Thu 3 - Ca 1 - A1.101
CE519	Toan cao cap Nâng Cao 419	3	50	46	Thu 7 - Ca 3 - A2.202
SE520	Tri tue nhan tao Nâng Cao 420	2	100	98	Thu 5 - Ca 3 - B1.301
AI521	Dien toan dam may Nâng Cao 421	2	100	52	Thu 6 - Ca 3 - C1.501
PH522	Cau truc du lieu Nâng Cao 422	3	90	41	Thu 3 - Ca 1 - B1.301
AI523	Lap trinh Nâng Cao 423	2	100	95	Thu 2 - Ca 1 - B2.402
CE524	Xy ly anh Nâng Cao 424	4	50	30	Thu 6 - Ca 4 - B2.402
DS525	Xy ly anh Nâng Cao 425	4	100	19	Thu 7 - Ca 3 - A1.101
DS526	Vat ly dai hoc Nâng Cao 426	3	90	6	Thu 3 - Ca 2 - A2.202
LL527	Cau truc du lieu Nâng Cao 427	2	60	55	Thu 5 - Ca 2 - B2.402
MA528	Thiet ke he thong Nâng Cao 428	2	90	59	Thu 2 - Ca 4 - B1.301
CS529	Tri tue nhan tao Nâng Cao 429	2	90	38	Thu 3 - Ca 3 - A2.202
AI530	Lap trinh Nâng Cao 430	2	80	70	Thu 4 - Ca 2 - A2.202
AI531	Tri tue nhan tao Nâng Cao 431	3	80	44	Thu 3 - Ca 3 - A2.202
MA532	Vat ly dai hoc Nâng Cao 432	4	40	26	Thu 2 - Ca 1 - C2.602
DS533	Thiet ke he thong Nâng Cao 433	4	40	27	Thu 5 - Ca 3 - A2.202
DS534	Tri tue nhan tao Nâng Cao 434	4	40	35	Thu 3 - Ca 2 - B1.301
PH535	Vat ly dai hoc Nâng Cao 435	3	90	85	Thu 7 - Ca 3 - B2.402
CE536	Xy ly anh Nâng Cao 436	4	40	19	Thu 7 - Ca 3 - C2.602
DS537	Dien toan dam may Nâng Cao 437	3	40	19	Thu 6 - Ca 2 - B2.402
NT538	Dien toan dam may Nâng Cao 438	3	50	1	Thu 2 - Ca 4 - B2.402
LL539	Xy ly anh Nâng Cao 439	3	100	77	Thu 2 - Ca 3 - A1.101
LL540	Mang may tinh Nâng Cao 440	2	80	14	Thu 2 - Ca 3 - A1.101
PH541	Thiet ke he thong Nâng Cao 441	3	100	71	Thu 7 - Ca 1 - A2.202
MA542	Xy ly anh Nâng Cao 442	3	70	23	Thu 2 - Ca 4 - B2.402
CS543	Tri tue nhan tao Nâng Cao 443	3	50	37	Thu 4 - Ca 3 - C2.602
MA544	Tri tue nhan tao Nâng Cao 444	2	90	53	Thu 7 - Ca 1 - A2.202
SE545	Mang may tinh Nâng Cao 445	4	100	35	Thu 5 - Ca 3 - B2.402
IS546	Thiet ke he thong Nâng Cao 446	2	50	23	Thu 2 - Ca 2 - B1.301
CS547	Co so du lieu Nâng Cao 447	4	70	45	Thu 7 - Ca 2 - A1.101
DS548	Co so du lieu Nâng Cao 448	4	100	81	Thu 6 - Ca 4 - C1.501
DS549	Lap trinh Nâng Cao 449	2	60	10	Thu 4 - Ca 1 - C2.602
SE550	Toan cao cap Nâng Cao 450	3	100	19	Thu 4 - Ca 1 - A1.101
MA551	Thiet ke he thong Nâng Cao 451	3	100	22	Thu 6 - Ca 4 - C2.602
CS552	Dien toan dam may Nâng Cao 452	4	60	28	Thu 5 - Ca 1 - C2.602
PH553	Toan cao cap Nâng Cao 453	2	70	64	Thu 4 - Ca 2 - C2.602
MA554	An toan thong tin Nâng Cao 454	4	90	46	Thu 7 - Ca 1 - B2.402
MA555	Lap trinh Nâng Cao 455	4	80	19	Thu 2 - Ca 3 - C2.602
AI556	Cau truc du lieu Nâng Cao 456	3	100	17	Thu 4 - Ca 3 - A2.202
NT557	Co so du lieu Nâng Cao 457	2	60	57	Thu 6 - Ca 3 - A1.101
AI558	Khai thac du lieu Nâng Cao 458	2	40	16	Thu 3 - Ca 3 - A1.101
AI559	Xy ly anh Nâng Cao 459	3	60	37	Thu 5 - Ca 4 - C1.501
AI560	Thiet ke he thong Nâng Cao 460	4	40	1	Thu 3 - Ca 3 - B1.301
AI561	Cau truc du lieu Nâng Cao 461	3	50	23	Thu 7 - Ca 3 - A2.202
NT562	Lap trinh Nâng Cao 462	2	60	27	Thu 2 - Ca 3 - A2.202
PH563	Cau truc du lieu Nâng Cao 463	4	70	21	Thu 6 - Ca 2 - A1.101
SE564	Dien toan dam may Nâng Cao 464	3	100	23	Thu 7 - Ca 4 - B1.301
CE565	Dien toan dam may Nâng Cao 465	3	60	10	Thu 7 - Ca 4 - A2.202
SE566	Co so du lieu Nâng Cao 466	4	70	11	Thu 3 - Ca 4 - B1.301
AI567	Lap trinh Nâng Cao 467	3	50	7	Thu 4 - Ca 2 - C1.501
DS568	Lap trinh Nâng Cao 468	3	70	57	Thu 5 - Ca 3 - A1.101
MA569	Mang may tinh Nâng Cao 469	2	70	13	Thu 3 - Ca 3 - A1.101
MA570	Lap trinh Nâng Cao 470	3	60	0	Thu 4 - Ca 3 - A1.101
IS571	Khai thac du lieu Nâng Cao 471	3	90	6	Thu 7 - Ca 3 - B1.301
NT572	Cau truc du lieu Nâng Cao 472	2	90	19	Thu 2 - Ca 4 - C2.602
SE573	Xy ly anh Nâng Cao 473	4	70	18	Thu 2 - Ca 2 - A1.101
CS574	Cau truc du lieu Nâng Cao 474	3	100	98	Thu 5 - Ca 3 - C1.501
NT575	Lap trinh Nâng Cao 475	2	90	66	Thu 4 - Ca 3 - A1.101
CE576	Mang may tinh Nâng Cao 476	4	50	4	Thu 2 - Ca 2 - B1.301
MA577	Thiet ke he thong Nâng Cao 477	2	60	58	Thu 4 - Ca 1 - A2.202
AI578	An toan thong tin Nâng Cao 478	2	50	35	Thu 4 - Ca 1 - C1.501
LL579	Vat ly dai hoc Nâng Cao 479	3	50	40	Thu 2 - Ca 2 - A2.202
DS580	Thiet ke he thong Nâng Cao 480	3	70	55	Thu 6 - Ca 2 - C2.602
LL581	Co so du lieu Nâng Cao 481	3	80	20	Thu 4 - Ca 3 - A1.101
NT582	Tri tue nhan tao Nâng Cao 482	2	100	81	Thu 6 - Ca 4 - C1.501
DS583	Dien toan dam may Nâng Cao 483	4	70	1	Thu 7 - Ca 1 - C2.602
AI584	Mang may tinh Nâng Cao 484	3	60	24	Thu 4 - Ca 3 - C1.501
LL585	Vat ly dai hoc Nâng Cao 485	4	40	18	Thu 5 - Ca 1 - C1.501
MA586	Khai thac du lieu Nâng Cao 486	3	60	4	Thu 6 - Ca 1 - B2.402
NT587	An toan thong tin Nâng Cao 487	2	50	44	Thu 6 - Ca 4 - B2.402
MA588	Co so du lieu Nâng Cao 488	2	50	0	Thu 3 - Ca 2 - C2.602
SE589	Vat ly dai hoc Nâng Cao 489	4	90	9	Thu 7 - Ca 3 - B2.402
SE590	Mang may tinh Nâng Cao 490	3	60	36	Thu 6 - Ca 4 - C2.602
NT591	Thiet ke he thong Nâng Cao 491	2	50	44	Thu 5 - Ca 2 - B2.402
PH592	Thiet ke he thong Nâng Cao 492	2	60	40	Thu 6 - Ca 2 - C1.501
CE593	An toan thong tin Nâng Cao 493	4	60	22	Thu 2 - Ca 4 - A2.202
SE594	Dien toan dam may Nâng Cao 494	3	70	52	Thu 7 - Ca 4 - B1.301
AI595	Thiet ke he thong Nâng Cao 495	2	40	4	Thu 7 - Ca 4 - B2.402
CE596	Thiet ke he thong Nâng Cao 496	2	100	21	Thu 5 - Ca 4 - B1.301
CE597	An toan thong tin Nâng Cao 497	3	60	34	Thu 5 - Ca 4 - B1.301
CE598	Lap trinh Nâng Cao 498	2	90	3	Thu 6 - Ca 2 - A1.101
CS599	Dien toan dam may Nâng Cao 499	4	100	23	Thu 5 - Ca 1 - B1.301
NT600	Khai thac du lieu Nâng Cao 500	3	70	53	Thu 5 - Ca 3 - B2.402
LL601	Lap trinh Nâng Cao 501	4	100	36	Thu 3 - Ca 4 - B2.402
LL602	Tri tue nhan tao Nâng Cao 502	4	60	11	Thu 5 - Ca 1 - A1.101
CS603	An toan thong tin Nâng Cao 503	3	100	88	Thu 7 - Ca 2 - C1.501
DS604	Vat ly dai hoc Nâng Cao 504	4	100	16	Thu 4 - Ca 4 - A2.202
PH605	Tri tue nhan tao Nâng Cao 505	2	90	41	Thu 3 - Ca 4 - A2.202
CE606	Toan cao cap Nâng Cao 506	4	100	64	Thu 5 - Ca 2 - C2.602
DS607	Lap trinh Nâng Cao 507	2	80	13	Thu 6 - Ca 3 - A2.202
PH608	Toan cao cap Nâng Cao 508	3	50	33	Thu 3 - Ca 3 - A1.101
AI609	Khai thac du lieu Nâng Cao 509	3	40	11	Thu 2 - Ca 3 - C1.501
LL610	Tri tue nhan tao Nâng Cao 510	3	50	25	Thu 2 - Ca 4 - A2.202
MA611	An toan thong tin Nâng Cao 511	2	40	27	Thu 5 - Ca 3 - B1.301
CE612	Xy ly anh Nâng Cao 512	2	100	68	Thu 5 - Ca 3 - B2.402
LL613	Tri tue nhan tao Nâng Cao 513	3	60	12	Thu 2 - Ca 2 - B1.301
PH614	Tri tue nhan tao Nâng Cao 514	3	60	28	Thu 3 - Ca 4 - C1.501
IS615	Vat ly dai hoc Nâng Cao 515	2	60	10	Thu 2 - Ca 2 - B1.301
NT616	Cau truc du lieu Nâng Cao 516	3	60	1	Thu 4 - Ca 1 - A1.101
DS617	Cau truc du lieu Nâng Cao 517	3	100	55	Thu 3 - Ca 4 - B2.402
PH618	Toan cao cap Nâng Cao 518	4	90	3	Thu 5 - Ca 2 - A1.101
CS619	Xy ly anh Nâng Cao 519	4	90	89	Thu 5 - Ca 1 - C2.602
IS620	Tri tue nhan tao Nâng Cao 520	3	40	15	Thu 5 - Ca 4 - B2.402
PH621	Lap trinh Nâng Cao 521	4	60	15	Thu 4 - Ca 2 - C2.602
CS622	Dien toan dam may Nâng Cao 522	2	90	65	Thu 6 - Ca 1 - B1.301
LL623	Toan cao cap Nâng Cao 523	3	90	74	Thu 2 - Ca 4 - A2.202
LL624	Co so du lieu Nâng Cao 524	4	90	80	Thu 3 - Ca 1 - B2.402
IS625	Lap trinh Nâng Cao 525	2	80	5	Thu 2 - Ca 4 - C2.602
MA626	Mang may tinh Nâng Cao 526	4	40	20	Thu 3 - Ca 1 - C1.501
AI627	Co so du lieu Nâng Cao 527	4	50	37	Thu 5 - Ca 2 - B1.301
PH628	Toan cao cap Nâng Cao 528	3	90	23	Thu 4 - Ca 3 - C2.602
CE629	Xy ly anh Nâng Cao 529	3	60	17	Thu 7 - Ca 1 - A1.101
CE630	Cau truc du lieu Nâng Cao 530	2	100	90	Thu 3 - Ca 4 - A1.101
CS631	Dien toan dam may Nâng Cao 531	2	60	21	Thu 2 - Ca 4 - C1.501
IS632	Thiet ke he thong Nâng Cao 532	2	70	0	Thu 7 - Ca 3 - C2.602
PH633	Xy ly anh Nâng Cao 533	3	40	34	Thu 6 - Ca 1 - B1.301
PH634	Toan cao cap Nâng Cao 534	3	100	52	Thu 6 - Ca 3 - B2.402
LL635	Cau truc du lieu Nâng Cao 535	3	80	66	Thu 5 - Ca 2 - C1.501
IS636	Lap trinh Nâng Cao 536	3	70	38	Thu 5 - Ca 1 - C2.602
LL637	Cau truc du lieu Nâng Cao 537	4	80	80	Thu 6 - Ca 2 - A2.202
NT638	Xy ly anh Nâng Cao 538	4	70	13	Thu 4 - Ca 1 - B2.402
CS639	Vat ly dai hoc Nâng Cao 539	3	90	20	Thu 6 - Ca 3 - B2.402
SE640	Co so du lieu Nâng Cao 540	3	100	21	Thu 2 - Ca 4 - B1.301
NT641	Cau truc du lieu Nâng Cao 541	3	80	64	Thu 7 - Ca 1 - A1.101
CE642	Vat ly dai hoc Nâng Cao 542	4	50	47	Thu 6 - Ca 4 - B2.402
SE643	Mang may tinh Nâng Cao 543	4	60	16	Thu 3 - Ca 3 - A2.202
CE644	Dien toan dam may Nâng Cao 544	2	80	48	Thu 2 - Ca 1 - B1.301
CE645	Mang may tinh Nâng Cao 545	2	60	20	Thu 6 - Ca 1 - A2.202
CS646	Lap trinh Nâng Cao 546	4	50	6	Thu 5 - Ca 4 - C1.501
AI647	Thiet ke he thong Nâng Cao 547	2	50	14	Thu 5 - Ca 3 - B1.301
SE648	Lap trinh Nâng Cao 548	4	100	41	Thu 6 - Ca 3 - A2.202
PH649	Co so du lieu Nâng Cao 549	3	40	20	Thu 6 - Ca 4 - C1.501
SE650	Thiet ke he thong Nâng Cao 550	3	40	38	Thu 2 - Ca 2 - C2.602
MA651	Dien toan dam may Nâng Cao 551	4	60	8	Thu 5 - Ca 3 - A1.101
IS652	Cau truc du lieu Nâng Cao 552	4	40	27	Thu 3 - Ca 3 - B1.301
DS653	Xy ly anh Nâng Cao 553	3	50	28	Thu 7 - Ca 2 - C1.501
DS654	Tri tue nhan tao Nâng Cao 554	3	60	7	Thu 6 - Ca 2 - C1.501
CS655	Thiet ke he thong Nâng Cao 555	2	60	52	Thu 6 - Ca 2 - A1.101
PH656	Mang may tinh Nâng Cao 556	2	70	34	Thu 2 - Ca 4 - B2.402
NT657	Thiet ke he thong Nâng Cao 557	3	40	11	Thu 3 - Ca 4 - C2.602
AI658	Vat ly dai hoc Nâng Cao 558	3	50	30	Thu 7 - Ca 3 - B2.402
SE659	Dien toan dam may Nâng Cao 559	2	50	4	Thu 2 - Ca 1 - C2.602
IS660	Xy ly anh Nâng Cao 560	2	100	15	Thu 4 - Ca 3 - A1.101
DS661	An toan thong tin Nâng Cao 561	2	60	3	Thu 7 - Ca 2 - B2.402
LL662	Dien toan dam may Nâng Cao 562	4	50	20	Thu 3 - Ca 1 - B1.301
AI663	Thiet ke he thong Nâng Cao 563	3	80	30	Thu 6 - Ca 3 - C2.602
CS664	Xy ly anh Nâng Cao 564	4	60	48	Thu 3 - Ca 3 - A1.101
IS665	Thiet ke he thong Nâng Cao 565	2	40	34	Thu 4 - Ca 3 - C2.602
PH666	Tri tue nhan tao Nâng Cao 566	3	100	27	Thu 3 - Ca 2 - C2.602
PH667	Xy ly anh Nâng Cao 567	2	100	55	Thu 2 - Ca 1 - C1.501
AI668	Toan cao cap Nâng Cao 568	3	60	21	Thu 3 - Ca 1 - A2.202
IS669	Thiet ke he thong Nâng Cao 569	3	50	38	Thu 3 - Ca 3 - B1.301
SE670	Mang may tinh Nâng Cao 570	2	40	7	Thu 4 - Ca 4 - B1.301
DS671	Cau truc du lieu Nâng Cao 571	4	70	0	Thu 5 - Ca 3 - A1.101
CS672	Toan cao cap Nâng Cao 572	2	60	10	Thu 3 - Ca 1 - B2.402
LL673	Toan cao cap Nâng Cao 573	2	90	19	Thu 7 - Ca 4 - B1.301
SE674	An toan thong tin Nâng Cao 574	3	70	5	Thu 2 - Ca 3 - B2.402
LL675	Cau truc du lieu Nâng Cao 575	4	90	20	Thu 2 - Ca 4 - A1.101
MA676	Toan cao cap Nâng Cao 576	4	60	29	Thu 2 - Ca 2 - A2.202
SE677	Vat ly dai hoc Nâng Cao 577	2	40	10	Thu 4 - Ca 3 - C2.602
AI678	An toan thong tin Nâng Cao 578	3	90	88	Thu 4 - Ca 4 - A1.101
PH679	An toan thong tin Nâng Cao 579	4	70	14	Thu 3 - Ca 4 - A1.101
MA680	An toan thong tin Nâng Cao 580	3	40	35	Thu 4 - Ca 1 - C1.501
PH681	Thiet ke he thong Nâng Cao 581	4	90	9	Thu 6 - Ca 3 - A2.202
CE682	Toan cao cap Nâng Cao 582	3	70	48	Thu 7 - Ca 2 - B2.402
NT683	An toan thong tin Nâng Cao 583	2	50	45	Thu 7 - Ca 4 - A1.101
CE684	An toan thong tin Nâng Cao 584	3	90	41	Thu 6 - Ca 1 - C1.501
AI685	Mang may tinh Nâng Cao 585	3	60	52	Thu 4 - Ca 2 - C2.602
PH686	Toan cao cap Nâng Cao 586	2	80	20	Thu 7 - Ca 2 - B2.402
DS687	Cau truc du lieu Nâng Cao 587	2	40	27	Thu 2 - Ca 4 - B2.402
IS688	Mang may tinh Nâng Cao 588	4	80	1	Thu 5 - Ca 3 - B2.402
LL689	Tri tue nhan tao Nâng Cao 589	2	80	55	Thu 7 - Ca 4 - C2.602
IS690	Vat ly dai hoc Nâng Cao 590	4	60	52	Thu 3 - Ca 4 - B2.402
DS691	Toan cao cap Nâng Cao 591	3	50	4	Thu 5 - Ca 3 - B2.402
IS692	Cau truc du lieu Nâng Cao 592	4	40	27	Thu 5 - Ca 2 - A2.202
DS693	Xy ly anh Nâng Cao 593	2	80	1	Thu 5 - Ca 2 - B2.402
CE694	Cau truc du lieu Nâng Cao 594	3	90	43	Thu 4 - Ca 3 - B1.301
MA695	Khai thac du lieu Nâng Cao 595	3	70	27	Thu 3 - Ca 2 - A2.202
LL696	Lap trinh Nâng Cao 596	2	70	48	Thu 4 - Ca 3 - A2.202
MA697	Tri tue nhan tao Nâng Cao 597	4	50	50	Thu 7 - Ca 4 - A1.101
MA698	Vat ly dai hoc Nâng Cao 598	4	60	54	Thu 6 - Ca 4 - A1.101
IS699	Vat ly dai hoc Nâng Cao 599	3	40	32	Thu 6 - Ca 4 - A1.101
SE700	An toan thong tin Nâng Cao 600	3	90	87	Thu 3 - Ca 2 - A2.202
CE701	Dien toan dam may Nâng Cao 601	4	90	36	Thu 6 - Ca 1 - A1.101
CE702	Toan cao cap Nâng Cao 602	3	70	50	Thu 6 - Ca 2 - C2.602
CS703	Cau truc du lieu Nâng Cao 603	4	90	13	Thu 5 - Ca 2 - A2.202
PH704	Mang may tinh Nâng Cao 604	2	80	51	Thu 6 - Ca 2 - B2.402
SE705	Toan cao cap Nâng Cao 605	3	80	48	Thu 2 - Ca 2 - B1.301
NT706	Toan cao cap Nâng Cao 606	3	50	22	Thu 4 - Ca 2 - A1.101
IS707	Lap trinh Nâng Cao 607	4	100	72	Thu 3 - Ca 4 - B1.301
LL708	Lap trinh Nâng Cao 608	2	70	32	Thu 5 - Ca 4 - A1.101
DS709	Dien toan dam may Nâng Cao 609	2	80	44	Thu 4 - Ca 2 - A1.101
PH710	An toan thong tin Nâng Cao 610	3	100	89	Thu 3 - Ca 4 - C2.602
PH711	Vat ly dai hoc Nâng Cao 611	3	40	40	Thu 6 - Ca 1 - B2.402
DS712	Co so du lieu Nâng Cao 612	2	100	64	Thu 4 - Ca 3 - B1.301
CE713	Xy ly anh Nâng Cao 613	3	40	7	Thu 7 - Ca 2 - C1.501
AI714	Mang may tinh Nâng Cao 614	2	40	1	Thu 4 - Ca 3 - B1.301
PH715	Xy ly anh Nâng Cao 615	2	60	48	Thu 2 - Ca 2 - A1.101
CS716	Lap trinh Nâng Cao 616	4	80	34	Thu 6 - Ca 4 - B1.301
CE717	Khai thac du lieu Nâng Cao 617	4	50	12	Thu 3 - Ca 1 - A2.202
CS718	Vat ly dai hoc Nâng Cao 618	4	60	19	Thu 7 - Ca 3 - A1.101
PH719	Dien toan dam may Nâng Cao 619	4	90	74	Thu 6 - Ca 2 - B2.402
CE720	Co so du lieu Nâng Cao 620	2	40	17	Thu 3 - Ca 2 - B2.402
DS721	Vat ly dai hoc Nâng Cao 621	4	80	44	Thu 2 - Ca 4 - B2.402
MA722	Tri tue nhan tao Nâng Cao 622	4	70	47	Thu 5 - Ca 1 - A1.101
LL723	Khai thac du lieu Nâng Cao 623	2	50	13	Thu 2 - Ca 2 - C1.501
PH724	Tri tue nhan tao Nâng Cao 624	2	90	40	Thu 2 - Ca 2 - C1.501
CE725	An toan thong tin Nâng Cao 625	3	40	4	Thu 3 - Ca 3 - C2.602
CE726	Xy ly anh Nâng Cao 626	4	80	50	Thu 4 - Ca 1 - B1.301
DS727	Khai thac du lieu Nâng Cao 627	3	80	28	Thu 4 - Ca 1 - C2.602
LL728	Khai thac du lieu Nâng Cao 628	2	90	16	Thu 6 - Ca 3 - B2.402
MA729	An toan thong tin Nâng Cao 629	2	70	42	Thu 3 - Ca 1 - C2.602
MA730	Vat ly dai hoc Nâng Cao 630	3	80	12	Thu 7 - Ca 2 - A1.101
DS731	Thiet ke he thong Nâng Cao 631	2	40	13	Thu 6 - Ca 4 - A2.202
NT732	Dien toan dam may Nâng Cao 632	2	100	47	Thu 4 - Ca 3 - C2.602
AI733	Toan cao cap Nâng Cao 633	4	70	26	Thu 3 - Ca 3 - A2.202
IS734	Xy ly anh Nâng Cao 634	4	50	45	Thu 5 - Ca 1 - C1.501
IS735	Co so du lieu Nâng Cao 635	2	100	52	Thu 7 - Ca 2 - B2.402
SE736	Lap trinh Nâng Cao 636	3	40	20	Thu 4 - Ca 3 - B2.402
PH737	Toan cao cap Nâng Cao 637	2	80	0	Thu 6 - Ca 4 - A1.101
NT738	Cau truc du lieu Nâng Cao 638	3	60	7	Thu 6 - Ca 1 - B1.301
AI739	Xy ly anh Nâng Cao 639	3	80	51	Thu 3 - Ca 4 - B2.402
PH740	Cau truc du lieu Nâng Cao 640	2	100	73	Thu 4 - Ca 1 - A2.202
IS741	Cau truc du lieu Nâng Cao 641	4	100	33	Thu 4 - Ca 1 - A1.101
PH742	Xy ly anh Nâng Cao 642	4	40	1	Thu 7 - Ca 3 - B2.402
CS743	Mang may tinh Nâng Cao 643	4	40	35	Thu 7 - Ca 2 - C2.602
PH744	Cau truc du lieu Nâng Cao 644	4	80	78	Thu 2 - Ca 1 - B2.402
SE745	Tri tue nhan tao Nâng Cao 645	2	40	35	Thu 3 - Ca 1 - A2.202
CS746	Vat ly dai hoc Nâng Cao 646	4	90	31	Thu 3 - Ca 3 - B1.301
DS747	Xy ly anh Nâng Cao 647	2	100	43	Thu 4 - Ca 3 - A1.101
CE748	Thiet ke he thong Nâng Cao 648	3	90	28	Thu 2 - Ca 2 - A1.101
NT749	Tri tue nhan tao Nâng Cao 649	3	80	52	Thu 4 - Ca 1 - C1.501
DS750	Thiet ke he thong Nâng Cao 650	2	80	54	Thu 6 - Ca 4 - C2.602
AI751	Vat ly dai hoc Nâng Cao 651	3	40	31	Thu 7 - Ca 4 - C1.501
AI752	Mang may tinh Nâng Cao 652	2	50	16	Thu 2 - Ca 1 - A1.101
IS753	An toan thong tin Nâng Cao 653	2	60	10	Thu 4 - Ca 1 - B2.402
CE754	Xy ly anh Nâng Cao 654	2	70	69	Thu 5 - Ca 3 - B1.301
IS755	Thiet ke he thong Nâng Cao 655	2	70	21	Thu 6 - Ca 4 - A2.202
IS756	Thiet ke he thong Nâng Cao 656	2	90	80	Thu 4 - Ca 2 - C1.501
LL757	An toan thong tin Nâng Cao 657	2	40	36	Thu 3 - Ca 4 - B1.301
CS758	Lap trinh Nâng Cao 658	4	100	94	Thu 7 - Ca 3 - C1.501
MA759	Lap trinh Nâng Cao 659	3	80	18	Thu 7 - Ca 4 - B1.301
LL760	Mang may tinh Nâng Cao 660	3	80	52	Thu 2 - Ca 4 - B1.301
AI761	Co so du lieu Nâng Cao 661	3	100	62	Thu 4 - Ca 2 - B1.301
NT762	Vat ly dai hoc Nâng Cao 662	3	80	77	Thu 4 - Ca 1 - A2.202
IS763	Tri tue nhan tao Nâng Cao 663	2	100	94	Thu 6 - Ca 3 - A2.202
LL764	Mang may tinh Nâng Cao 664	4	90	70	Thu 4 - Ca 3 - B1.301
MA765	Mang may tinh Nâng Cao 665	4	60	35	Thu 2 - Ca 4 - B2.402
SE766	Co so du lieu Nâng Cao 666	3	40	32	Thu 5 - Ca 4 - B2.402
SE767	Co so du lieu Nâng Cao 667	4	100	51	Thu 7 - Ca 2 - C1.501
AI768	Co so du lieu Nâng Cao 668	2	80	18	Thu 7 - Ca 4 - B2.402
DS769	Xy ly anh Nâng Cao 669	2	70	60	Thu 7 - Ca 2 - B1.301
DS770	Thiet ke he thong Nâng Cao 670	4	40	31	Thu 5 - Ca 1 - C2.602
AI771	Mang may tinh Nâng Cao 671	2	50	14	Thu 4 - Ca 1 - B1.301
AI772	Vat ly dai hoc Nâng Cao 672	4	40	27	Thu 6 - Ca 3 - A2.202
AI773	An toan thong tin Nâng Cao 673	2	50	40	Thu 6 - Ca 3 - A2.202
CS774	An toan thong tin Nâng Cao 674	4	50	40	Thu 4 - Ca 3 - B2.402
MA775	An toan thong tin Nâng Cao 675	4	40	29	Thu 6 - Ca 3 - C2.602
PH776	Lap trinh Nâng Cao 676	3	50	28	Thu 4 - Ca 3 - A1.101
SE777	Tri tue nhan tao Nâng Cao 677	4	40	11	Thu 5 - Ca 4 - B1.301
SE778	Dien toan dam may Nâng Cao 678	3	100	36	Thu 4 - Ca 3 - C2.602
IS779	Dien toan dam may Nâng Cao 679	2	40	1	Thu 6 - Ca 1 - B1.301
PH780	Xy ly anh Nâng Cao 680	3	50	39	Thu 3 - Ca 1 - A1.101
MA781	Lap trinh Nâng Cao 681	4	80	20	Thu 3 - Ca 1 - B1.301
AI782	An toan thong tin Nâng Cao 682	4	90	3	Thu 2 - Ca 1 - B1.301
SE783	Lap trinh Nâng Cao 683	2	80	60	Thu 5 - Ca 2 - B2.402
AI784	Mang may tinh Nâng Cao 684	4	40	12	Thu 5 - Ca 4 - B1.301
PH785	Cau truc du lieu Nâng Cao 685	3	70	25	Thu 7 - Ca 1 - C2.602
CE786	Mang may tinh Nâng Cao 686	4	80	32	Thu 5 - Ca 4 - C1.501
PH787	Dien toan dam may Nâng Cao 687	4	40	15	Thu 5 - Ca 3 - C1.501
PH788	Khai thac du lieu Nâng Cao 688	3	100	58	Thu 3 - Ca 1 - B2.402
DS789	Xy ly anh Nâng Cao 689	4	60	17	Thu 3 - Ca 4 - A1.101
CS790	Mang may tinh Nâng Cao 690	3	80	19	Thu 6 - Ca 1 - C1.501
CE791	Tri tue nhan tao Nâng Cao 691	3	40	36	Thu 2 - Ca 3 - B1.301
AI792	Dien toan dam may Nâng Cao 692	2	90	51	Thu 4 - Ca 4 - C2.602
IS793	Tri tue nhan tao Nâng Cao 693	4	100	40	Thu 4 - Ca 3 - C2.602
LL794	Cau truc du lieu Nâng Cao 694	2	90	47	Thu 5 - Ca 3 - C1.501
DS795	Thiet ke he thong Nâng Cao 695	3	40	16	Thu 3 - Ca 3 - C2.602
NT796	Co so du lieu Nâng Cao 696	2	70	7	Thu 6 - Ca 4 - B1.301
PH797	An toan thong tin Nâng Cao 697	2	70	39	Thu 3 - Ca 2 - C1.501
NT798	Khai thac du lieu Nâng Cao 698	2	50	12	Thu 4 - Ca 3 - B1.301
NT799	Xy ly anh Nâng Cao 699	2	100	50	Thu 7 - Ca 2 - C2.602
NT800	Tri tue nhan tao Nâng Cao 700	3	70	58	Thu 2 - Ca 1 - B1.301
LL801	An toan thong tin Nâng Cao 701	2	90	58	Thu 6 - Ca 4 - C1.501
CE802	Lap trinh Nâng Cao 702	2	80	42	Thu 3 - Ca 4 - A2.202
LL803	Cau truc du lieu Nâng Cao 703	3	90	29	Thu 5 - Ca 1 - A2.202
CS804	Mang may tinh Nâng Cao 704	3	90	89	Thu 5 - Ca 4 - B1.301
IS805	Khai thac du lieu Nâng Cao 705	4	70	42	Thu 6 - Ca 2 - A2.202
IS806	Co so du lieu Nâng Cao 706	4	70	4	Thu 2 - Ca 3 - B2.402
MA807	Khai thac du lieu Nâng Cao 707	4	80	23	Thu 6 - Ca 4 - B2.402
CS808	Dien toan dam may Nâng Cao 708	4	100	43	Thu 3 - Ca 1 - A2.202
IS809	Cau truc du lieu Nâng Cao 709	3	90	74	Thu 4 - Ca 3 - A2.202
MA810	Khai thac du lieu Nâng Cao 710	4	80	38	Thu 3 - Ca 4 - C2.602
PH811	Dien toan dam may Nâng Cao 711	4	90	47	Thu 4 - Ca 2 - B2.402
CE812	Vat ly dai hoc Nâng Cao 712	3	50	41	Thu 5 - Ca 3 - B1.301
AI813	Dien toan dam may Nâng Cao 713	4	80	43	Thu 6 - Ca 4 - C2.602
SE814	Xy ly anh Nâng Cao 714	3	90	38	Thu 6 - Ca 2 - B2.402
IS815	Mang may tinh Nâng Cao 715	3	90	52	Thu 5 - Ca 4 - C1.501
DS816	Mang may tinh Nâng Cao 716	4	90	76	Thu 2 - Ca 3 - C1.501
SE817	Mang may tinh Nâng Cao 717	2	70	41	Thu 7 - Ca 1 - A2.202
NT818	Mang may tinh Nâng Cao 718	3	60	59	Thu 7 - Ca 1 - B2.402
CS819	Tri tue nhan tao Nâng Cao 719	4	50	29	Thu 2 - Ca 1 - A2.202
MA820	Dien toan dam may Nâng Cao 720	2	40	9	Thu 2 - Ca 1 - A1.101
MA821	Lap trinh Nâng Cao 721	3	70	35	Thu 5 - Ca 1 - A2.202
IS822	Lap trinh Nâng Cao 722	2	40	12	Thu 6 - Ca 2 - B1.301
CS823	An toan thong tin Nâng Cao 723	2	90	12	Thu 2 - Ca 2 - A1.101
AI824	Toan cao cap Nâng Cao 724	4	90	88	Thu 6 - Ca 4 - B2.402
MA825	Xy ly anh Nâng Cao 725	3	80	1	Thu 7 - Ca 1 - B1.301
CE826	Co so du lieu Nâng Cao 726	3	100	7	Thu 6 - Ca 1 - B1.301
LL827	Lap trinh Nâng Cao 727	2	60	15	Thu 3 - Ca 2 - A2.202
LL828	Vat ly dai hoc Nâng Cao 728	2	70	70	Thu 7 - Ca 4 - B1.301
NT829	Lap trinh Nâng Cao 729	3	50	21	Thu 6 - Ca 4 - B2.402
LL830	Dien toan dam may Nâng Cao 730	2	100	30	Thu 4 - Ca 2 - A2.202
CE831	An toan thong tin Nâng Cao 731	2	50	5	Thu 6 - Ca 2 - B2.402
CE832	Co so du lieu Nâng Cao 732	2	100	91	Thu 5 - Ca 2 - A1.101
IS833	Dien toan dam may Nâng Cao 733	3	60	47	Thu 4 - Ca 2 - A1.101
IS834	Khai thac du lieu Nâng Cao 734	3	40	2	Thu 7 - Ca 3 - A1.101
LL835	Lap trinh Nâng Cao 735	4	50	27	Thu 2 - Ca 2 - A1.101
PH836	Mang may tinh Nâng Cao 736	4	60	5	Thu 2 - Ca 2 - B2.402
NT837	An toan thong tin Nâng Cao 737	2	40	18	Thu 4 - Ca 1 - B2.402
IS838	Mang may tinh Nâng Cao 738	4	40	33	Thu 3 - Ca 3 - B2.402
SE839	Thiet ke he thong Nâng Cao 739	3	50	50	Thu 5 - Ca 1 - B1.301
LL840	Mang may tinh Nâng Cao 740	4	90	2	Thu 3 - Ca 3 - B2.402
IS841	Mang may tinh Nâng Cao 741	4	100	50	Thu 6 - Ca 3 - C1.501
AI842	Dien toan dam may Nâng Cao 742	3	40	21	Thu 4 - Ca 4 - C1.501
LL843	Co so du lieu Nâng Cao 743	3	70	62	Thu 5 - Ca 3 - B2.402
LL844	Thiet ke he thong Nâng Cao 744	3	80	16	Thu 7 - Ca 2 - C2.602
NT845	Thiet ke he thong Nâng Cao 745	3	80	62	Thu 7 - Ca 4 - B2.402
NT846	Lap trinh Nâng Cao 746	3	100	77	Thu 5 - Ca 2 - C1.501
CE847	Cau truc du lieu Nâng Cao 747	2	90	26	Thu 5 - Ca 2 - A1.101
PH848	Mang may tinh Nâng Cao 748	3	70	54	Thu 5 - Ca 2 - A2.202
CE849	Tri tue nhan tao Nâng Cao 749	3	70	68	Thu 6 - Ca 1 - A2.202
AI850	Cau truc du lieu Nâng Cao 750	2	60	26	Thu 3 - Ca 3 - C2.602
CE851	Khai thac du lieu Nâng Cao 751	2	90	60	Thu 6 - Ca 3 - C2.602
MA852	Mang may tinh Nâng Cao 752	2	100	5	Thu 4 - Ca 4 - C2.602
CE853	Lap trinh Nâng Cao 753	4	60	52	Thu 3 - Ca 2 - C2.602
AI854	Thiet ke he thong Nâng Cao 754	4	70	25	Thu 5 - Ca 4 - C1.501
AI855	Thiet ke he thong Nâng Cao 755	2	100	88	Thu 5 - Ca 1 - A1.101
NT856	Vat ly dai hoc Nâng Cao 756	4	70	14	Thu 4 - Ca 4 - B1.301
SE857	Cau truc du lieu Nâng Cao 757	2	90	73	Thu 5 - Ca 2 - B2.402
CS858	Co so du lieu Nâng Cao 758	4	50	28	Thu 5 - Ca 3 - C2.602
AI859	Thiet ke he thong Nâng Cao 759	4	40	7	Thu 3 - Ca 2 - C2.602
DS860	Khai thac du lieu Nâng Cao 760	3	60	30	Thu 5 - Ca 1 - C1.501
DS861	Khai thac du lieu Nâng Cao 761	4	60	20	Thu 3 - Ca 1 - C2.602
IS862	Mang may tinh Nâng Cao 762	3	50	27	Thu 2 - Ca 4 - A1.101
CS863	Dien toan dam may Nâng Cao 763	3	70	2	Thu 6 - Ca 2 - B1.301
NT864	Tri tue nhan tao Nâng Cao 764	2	90	76	Thu 6 - Ca 3 - B1.301
AI865	Mang may tinh Nâng Cao 765	4	60	31	Thu 3 - Ca 1 - A1.101
IS866	Co so du lieu Nâng Cao 766	3	70	32	Thu 5 - Ca 3 - A1.101
LL867	Xy ly anh Nâng Cao 767	2	100	5	Thu 6 - Ca 2 - B1.301
PH868	Xy ly anh Nâng Cao 768	2	90	89	Thu 4 - Ca 3 - A1.101
NT869	Vat ly dai hoc Nâng Cao 769	4	40	1	Thu 5 - Ca 3 - B1.301
CS870	Mang may tinh Nâng Cao 770	2	100	95	Thu 6 - Ca 3 - B2.402
CE871	Tri tue nhan tao Nâng Cao 771	2	90	73	Thu 4 - Ca 2 - C1.501
LL872	Khai thac du lieu Nâng Cao 772	3	40	20	Thu 3 - Ca 1 - C1.501
LL873	Mang may tinh Nâng Cao 773	4	50	41	Thu 5 - Ca 2 - B2.402
SE874	Mang may tinh Nâng Cao 774	3	40	5	Thu 6 - Ca 4 - C2.602
PH875	Co so du lieu Nâng Cao 775	2	40	16	Thu 7 - Ca 1 - B2.402
IS876	Lap trinh Nâng Cao 776	2	40	13	Thu 2 - Ca 4 - A2.202
MA877	Vat ly dai hoc Nâng Cao 777	3	90	27	Thu 2 - Ca 4 - B1.301
MA878	Khai thac du lieu Nâng Cao 778	4	50	21	Thu 3 - Ca 3 - B2.402
IS879	Xy ly anh Nâng Cao 779	3	60	40	Thu 3 - Ca 4 - C2.602
NT880	Thiet ke he thong Nâng Cao 780	2	50	20	Thu 4 - Ca 1 - C2.602
AI881	Mang may tinh Nâng Cao 781	3	50	48	Thu 2 - Ca 1 - C1.501
LL882	Tri tue nhan tao Nâng Cao 782	4	100	30	Thu 7 - Ca 4 - A1.101
DS883	Vat ly dai hoc Nâng Cao 783	4	50	10	Thu 3 - Ca 2 - B1.301
SE884	Tri tue nhan tao Nâng Cao 784	2	100	23	Thu 3 - Ca 4 - B1.301
SE885	Tri tue nhan tao Nâng Cao 785	3	50	6	Thu 5 - Ca 2 - A1.101
PH886	Dien toan dam may Nâng Cao 786	2	90	44	Thu 7 - Ca 2 - A1.101
AI887	Thiet ke he thong Nâng Cao 787	3	90	32	Thu 4 - Ca 4 - A2.202
LL888	Thiet ke he thong Nâng Cao 788	3	100	37	Thu 2 - Ca 4 - A2.202
AI889	Lap trinh Nâng Cao 789	2	90	23	Thu 4 - Ca 3 - C1.501
AI890	Thiet ke he thong Nâng Cao 790	2	100	79	Thu 7 - Ca 2 - B2.402
SE891	Toan cao cap Nâng Cao 791	3	40	40	Thu 6 - Ca 1 - A1.101
AI892	Toan cao cap Nâng Cao 792	2	90	37	Thu 5 - Ca 1 - B1.301
PH893	Mang may tinh Nâng Cao 793	3	50	36	Thu 6 - Ca 3 - C1.501
MA894	Khai thac du lieu Nâng Cao 794	4	50	43	Thu 3 - Ca 3 - B2.402
AI895	Tri tue nhan tao Nâng Cao 795	3	50	33	Thu 4 - Ca 2 - B2.402
IS896	Thiet ke he thong Nâng Cao 796	2	50	16	Thu 3 - Ca 4 - A2.202
LL897	Thiet ke he thong Nâng Cao 797	4	100	26	Thu 7 - Ca 3 - A1.101
NT898	An toan thong tin Nâng Cao 798	2	100	6	Thu 3 - Ca 2 - A1.101
DS899	Khai thac du lieu Nâng Cao 799	2	90	75	Thu 7 - Ca 3 - C2.602
NT900	Dien toan dam may Nâng Cao 800	3	70	46	Thu 3 - Ca 1 - C2.602
IS901	Xy ly anh Nâng Cao 801	2	80	63	Thu 7 - Ca 2 - A1.101
AI902	Co so du lieu Nâng Cao 802	3	60	4	Thu 6 - Ca 2 - B2.402
CS903	Khai thac du lieu Nâng Cao 803	3	70	16	Thu 7 - Ca 3 - A1.101
MA904	Toan cao cap Nâng Cao 804	2	90	48	Thu 5 - Ca 3 - B2.402
SE905	Dien toan dam may Nâng Cao 805	4	80	3	Thu 7 - Ca 1 - B1.301
CE906	Lap trinh Nâng Cao 806	2	40	29	Thu 5 - Ca 4 - B2.402
LL907	Mang may tinh Nâng Cao 807	2	70	20	Thu 3 - Ca 2 - A2.202
MA908	Khai thac du lieu Nâng Cao 808	4	40	20	Thu 4 - Ca 3 - B2.402
CS909	Toan cao cap Nâng Cao 809	3	60	47	Thu 7 - Ca 3 - C1.501
PH910	Thiet ke he thong Nâng Cao 810	3	90	33	Thu 2 - Ca 4 - A1.101
NT911	Vat ly dai hoc Nâng Cao 811	2	50	41	Thu 2 - Ca 1 - C1.501
DS912	Mang may tinh Nâng Cao 812	4	60	1	Thu 5 - Ca 4 - A2.202
PH913	Xy ly anh Nâng Cao 813	3	60	26	Thu 5 - Ca 1 - A1.101
LL914	An toan thong tin Nâng Cao 814	3	40	29	Thu 4 - Ca 1 - A1.101
MA915	Co so du lieu Nâng Cao 815	4	60	57	Thu 4 - Ca 4 - A2.202
CE916	Xy ly anh Nâng Cao 816	4	90	65	Thu 6 - Ca 3 - A2.202
LL917	Toan cao cap Nâng Cao 817	2	40	39	Thu 5 - Ca 3 - B1.301
NT918	Khai thac du lieu Nâng Cao 818	3	40	31	Thu 4 - Ca 4 - A1.101
IS919	Khai thac du lieu Nâng Cao 819	3	50	1	Thu 3 - Ca 3 - C2.602
LL920	Xy ly anh Nâng Cao 820	2	80	68	Thu 5 - Ca 4 - C2.602
CS921	An toan thong tin Nâng Cao 821	2	90	48	Thu 2 - Ca 4 - B2.402
LL922	Mang may tinh Nâng Cao 822	3	40	26	Thu 2 - Ca 4 - A1.101
SE923	Thiet ke he thong Nâng Cao 823	4	100	93	Thu 4 - Ca 4 - B1.301
LL924	Tri tue nhan tao Nâng Cao 824	3	60	39	Thu 6 - Ca 2 - B2.402
CE925	Dien toan dam may Nâng Cao 825	2	100	77	Thu 7 - Ca 1 - A1.101
PH926	Toan cao cap Nâng Cao 826	3	40	1	Thu 5 - Ca 2 - A1.101
LL927	Toan cao cap Nâng Cao 827	3	80	47	Thu 6 - Ca 2 - C2.602
LL928	Toan cao cap Nâng Cao 828	3	80	26	Thu 3 - Ca 1 - A2.202
SE929	Cau truc du lieu Nâng Cao 829	3	60	56	Thu 6 - Ca 1 - C1.501
CE930	Khai thac du lieu Nâng Cao 830	2	90	66	Thu 5 - Ca 1 - A2.202
PH931	Toan cao cap Nâng Cao 831	4	40	11	Thu 6 - Ca 3 - A1.101
CE932	Tri tue nhan tao Nâng Cao 832	4	50	15	Thu 4 - Ca 3 - C2.602
IS933	Co so du lieu Nâng Cao 833	2	80	23	Thu 7 - Ca 1 - C2.602
PH934	Vat ly dai hoc Nâng Cao 834	3	70	45	Thu 3 - Ca 2 - A2.202
IS935	Mang may tinh Nâng Cao 835	2	80	61	Thu 4 - Ca 4 - B2.402
PH936	An toan thong tin Nâng Cao 836	2	100	26	Thu 3 - Ca 1 - C2.602
IS937	Dien toan dam may Nâng Cao 837	4	90	86	Thu 6 - Ca 4 - B1.301
PH938	Co so du lieu Nâng Cao 838	4	50	47	Thu 4 - Ca 1 - C1.501
LL939	Co so du lieu Nâng Cao 839	3	50	28	Thu 3 - Ca 4 - C2.602
NT940	An toan thong tin Nâng Cao 840	4	50	5	Thu 6 - Ca 2 - B2.402
CE941	An toan thong tin Nâng Cao 841	4	40	37	Thu 4 - Ca 3 - B2.402
LL942	Mang may tinh Nâng Cao 842	2	80	40	Thu 4 - Ca 1 - A2.202
SE943	Toan cao cap Nâng Cao 843	4	90	11	Thu 6 - Ca 3 - B1.301
PH944	Mang may tinh Nâng Cao 844	3	80	5	Thu 3 - Ca 3 - B1.301
MA945	Cau truc du lieu Nâng Cao 845	3	90	43	Thu 7 - Ca 2 - A1.101
DS946	An toan thong tin Nâng Cao 846	3	50	34	Thu 4 - Ca 2 - C2.602
DS947	Xy ly anh Nâng Cao 847	2	80	61	Thu 7 - Ca 3 - A1.101
SE948	Khai thac du lieu Nâng Cao 848	4	50	43	Thu 4 - Ca 3 - C2.602
CE949	Lap trinh Nâng Cao 849	3	40	26	Thu 5 - Ca 4 - A2.202
NT950	Dien toan dam may Nâng Cao 850	4	80	79	Thu 7 - Ca 2 - B2.402
AI951	Tri tue nhan tao Nâng Cao 851	2	80	12	Thu 5 - Ca 1 - C2.602
MA952	Toan cao cap Nâng Cao 852	3	60	16	Thu 5 - Ca 4 - B1.301
PH953	Khai thac du lieu Nâng Cao 853	4	90	70	Thu 3 - Ca 1 - B2.402
IS954	An toan thong tin Nâng Cao 854	2	90	8	Thu 5 - Ca 2 - B1.301
CS955	Tri tue nhan tao Nâng Cao 855	3	70	58	Thu 2 - Ca 4 - C1.501
PH956	An toan thong tin Nâng Cao 856	3	80	65	Thu 2 - Ca 2 - B2.402
IS957	Lap trinh Nâng Cao 857	3	70	4	Thu 4 - Ca 2 - B2.402
SE958	Mang may tinh Nâng Cao 858	2	90	80	Thu 4 - Ca 1 - B2.402
IS959	Toan cao cap Nâng Cao 859	3	70	26	Thu 5 - Ca 2 - C1.501
PH960	Co so du lieu Nâng Cao 860	2	90	53	Thu 4 - Ca 2 - B2.402
IS961	Cau truc du lieu Nâng Cao 861	3	60	54	Thu 6 - Ca 3 - B1.301
CE962	Thiet ke he thong Nâng Cao 862	2	100	94	Thu 3 - Ca 1 - A2.202
PH963	An toan thong tin Nâng Cao 863	4	100	67	Thu 2 - Ca 3 - B2.402
DS964	Toan cao cap Nâng Cao 864	4	60	29	Thu 4 - Ca 4 - A1.101
NT965	Tri tue nhan tao Nâng Cao 865	4	60	7	Thu 5 - Ca 3 - A2.202
LL966	Khai thac du lieu Nâng Cao 866	2	60	22	Thu 5 - Ca 2 - C2.602
NT967	Toan cao cap Nâng Cao 867	2	40	9	Thu 2 - Ca 4 - A2.202
AI968	Co so du lieu Nâng Cao 868	3	100	4	Thu 3 - Ca 3 - B1.301
NT969	Toan cao cap Nâng Cao 869	2	80	37	Thu 6 - Ca 3 - C2.602
IS970	Lap trinh Nâng Cao 870	3	60	6	Thu 3 - Ca 1 - B1.301
NT971	Thiet ke he thong Nâng Cao 871	3	60	8	Thu 6 - Ca 1 - C1.501
CE972	Tri tue nhan tao Nâng Cao 872	3	50	0	Thu 5 - Ca 4 - C2.602
PH973	Mang may tinh Nâng Cao 873	4	60	59	Thu 7 - Ca 3 - C1.501
AI974	Xy ly anh Nâng Cao 874	4	40	1	Thu 4 - Ca 2 - A1.101
AI975	Mang may tinh Nâng Cao 875	3	100	87	Thu 6 - Ca 1 - C2.602
CS976	Co so du lieu Nâng Cao 876	2	80	48	Thu 4 - Ca 2 - C1.501
AI977	Mang may tinh Nâng Cao 877	3	60	25	Thu 4 - Ca 2 - C1.501
IS978	Mang may tinh Nâng Cao 878	2	40	37	Thu 2 - Ca 4 - B2.402
IS979	Lap trinh Nâng Cao 879	3	100	97	Thu 7 - Ca 1 - B2.402
LL980	Lap trinh Nâng Cao 880	2	90	42	Thu 5 - Ca 2 - B1.301
LL981	Toan cao cap Nâng Cao 881	2	50	25	Thu 3 - Ca 4 - A2.202
AI982	Cau truc du lieu Nâng Cao 882	3	70	24	Thu 3 - Ca 3 - A2.202
MA983	Tri tue nhan tao Nâng Cao 883	2	100	88	Thu 6 - Ca 4 - B1.301
NT984	Vat ly dai hoc Nâng Cao 884	2	60	54	Thu 5 - Ca 4 - C2.602
SE985	Toan cao cap Nâng Cao 885	2	100	31	Thu 3 - Ca 2 - C1.501
CS986	An toan thong tin Nâng Cao 886	2	50	24	Thu 4 - Ca 1 - C2.602
DS987	Cau truc du lieu Nâng Cao 887	2	100	79	Thu 2 - Ca 3 - C1.501
LL988	Dien toan dam may Nâng Cao 888	2	60	34	Thu 6 - Ca 3 - B2.402
LL989	Cau truc du lieu Nâng Cao 889	3	50	16	Thu 5 - Ca 4 - B2.402
PH990	Vat ly dai hoc Nâng Cao 890	4	90	32	Thu 2 - Ca 4 - A1.101
LL991	Khai thac du lieu Nâng Cao 891	3	60	20	Thu 5 - Ca 2 - C2.602
NT992	Toan cao cap Nâng Cao 892	2	40	39	Thu 3 - Ca 4 - B1.301
AI993	Cau truc du lieu Nâng Cao 893	2	70	38	Thu 5 - Ca 1 - C1.501
NT994	Xy ly anh Nâng Cao 894	2	70	37	Thu 5 - Ca 4 - A1.101
IS995	Mang may tinh Nâng Cao 895	4	70	62	Thu 5 - Ca 4 - A1.101
LL996	Khai thac du lieu Nâng Cao 896	3	100	92	Thu 7 - Ca 2 - A2.202
PH997	Co so du lieu Nâng Cao 897	2	100	65	Thu 7 - Ca 2 - C1.501
CE998	Cau truc du lieu Nâng Cao 898	2	100	7	Thu 2 - Ca 2 - B2.402
NT999	Khai thac du lieu Nâng Cao 899	3	50	38	Thu 7 - Ca 1 - B2.402
CS1000	Cau truc du lieu Nâng Cao 900	3	90	39	Thu 7 - Ca 1 - B2.402
SE1001	Khai thac du lieu Nâng Cao 901	3	100	47	Thu 3 - Ca 3 - B1.301
CE1002	An toan thong tin Nâng Cao 902	4	90	83	Thu 6 - Ca 1 - C2.602
LL1003	Co so du lieu Nâng Cao 903	4	100	32	Thu 4 - Ca 3 - B1.301
AI1004	Mang may tinh Nâng Cao 904	3	80	21	Thu 3 - Ca 3 - C1.501
MA1005	Vat ly dai hoc Nâng Cao 905	4	50	32	Thu 2 - Ca 2 - A1.101
DS1006	Lap trinh Nâng Cao 906	4	60	29	Thu 3 - Ca 2 - A2.202
LL1007	Cau truc du lieu Nâng Cao 907	2	40	31	Thu 6 - Ca 3 - B1.301
CE1008	Mang may tinh Nâng Cao 908	2	40	0	Thu 5 - Ca 2 - A1.101
AI1009	Lap trinh Nâng Cao 909	2	80	44	Thu 2 - Ca 2 - B1.301
PH1010	Cau truc du lieu Nâng Cao 910	4	40	18	Thu 6 - Ca 1 - C2.602
CS1011	Cau truc du lieu Nâng Cao 911	4	60	17	Thu 4 - Ca 4 - B1.301
IS1012	Thiet ke he thong Nâng Cao 912	2	40	21	Thu 6 - Ca 2 - A2.202
LL1013	Toan cao cap Nâng Cao 913	4	100	48	Thu 3 - Ca 1 - A2.202
PH1014	Co so du lieu Nâng Cao 914	4	100	13	Thu 6 - Ca 1 - A2.202
DS1015	An toan thong tin Nâng Cao 915	3	60	41	Thu 7 - Ca 3 - C1.501
CS1016	Mang may tinh Nâng Cao 916	3	80	77	Thu 3 - Ca 4 - A2.202
CE1017	Xy ly anh Nâng Cao 917	2	70	5	Thu 2 - Ca 4 - B2.402
MA1018	An toan thong tin Nâng Cao 918	3	80	7	Thu 7 - Ca 3 - A1.101
IS1019	Dien toan dam may Nâng Cao 919	3	60	53	Thu 7 - Ca 3 - A1.101
AI1020	Mang may tinh Nâng Cao 920	4	50	25	Thu 5 - Ca 3 - A2.202
CS1021	An toan thong tin Nâng Cao 921	4	50	42	Thu 3 - Ca 2 - C1.501
MA1022	Lap trinh Nâng Cao 922	4	40	36	Thu 4 - Ca 2 - C2.602
AI1023	Cau truc du lieu Nâng Cao 923	4	100	80	Thu 3 - Ca 2 - A1.101
DS1024	Thiet ke he thong Nâng Cao 924	3	80	74	Thu 2 - Ca 1 - A1.101
DS1025	Tri tue nhan tao Nâng Cao 925	2	90	54	Thu 5 - Ca 4 - C1.501
NT1026	Tri tue nhan tao Nâng Cao 926	4	80	12	Thu 3 - Ca 3 - A1.101
LL1027	Khai thac du lieu Nâng Cao 927	2	80	66	Thu 6 - Ca 4 - A1.101
MA1028	Vat ly dai hoc Nâng Cao 928	3	100	51	Thu 5 - Ca 3 - A1.101
NT1029	Toan cao cap Nâng Cao 929	3	60	45	Thu 3 - Ca 1 - C1.501
DS1030	Khai thac du lieu Nâng Cao 930	2	80	42	Thu 5 - Ca 2 - B2.402
AI1031	Thiet ke he thong Nâng Cao 931	4	90	36	Thu 6 - Ca 2 - A1.101
CE1032	Tri tue nhan tao Nâng Cao 932	3	70	2	Thu 2 - Ca 3 - C2.602
MA1033	Cau truc du lieu Nâng Cao 933	4	60	60	Thu 7 - Ca 2 - C2.602
AI1034	Vat ly dai hoc Nâng Cao 934	3	80	9	Thu 3 - Ca 2 - A2.202
DS1035	Mang may tinh Nâng Cao 935	4	40	5	Thu 6 - Ca 4 - B1.301
CS1036	An toan thong tin Nâng Cao 936	4	60	40	Thu 7 - Ca 1 - B1.301
CS1037	Vat ly dai hoc Nâng Cao 937	4	100	32	Thu 4 - Ca 2 - C2.602
IS1038	Vat ly dai hoc Nâng Cao 938	4	60	51	Thu 5 - Ca 3 - A1.101
DS1039	Xy ly anh Nâng Cao 939	4	90	74	Thu 5 - Ca 1 - B1.301
NT1040	Mang may tinh Nâng Cao 940	4	60	18	Thu 2 - Ca 1 - B2.402
CE1041	Thiet ke he thong Nâng Cao 941	4	80	1	Thu 7 - Ca 2 - A1.101
CE1042	Vat ly dai hoc Nâng Cao 942	3	70	69	Thu 4 - Ca 2 - A1.101
CS1043	Co so du lieu Nâng Cao 943	2	50	41	Thu 7 - Ca 2 - A1.101
AI1044	Khai thac du lieu Nâng Cao 944	3	90	16	Thu 4 - Ca 1 - C1.501
SE1045	Vat ly dai hoc Nâng Cao 945	2	50	8	Thu 3 - Ca 2 - C1.501
CS1046	Tri tue nhan tao Nâng Cao 946	2	90	48	Thu 6 - Ca 3 - C2.602
MA1047	Xy ly anh Nâng Cao 947	3	50	22	Thu 2 - Ca 2 - B1.301
IS1048	An toan thong tin Nâng Cao 948	2	80	51	Thu 3 - Ca 4 - B1.301
CS1049	Khai thac du lieu Nâng Cao 949	2	60	52	Thu 6 - Ca 1 - B1.301
CE1050	An toan thong tin Nâng Cao 950	4	90	27	Thu 2 - Ca 1 - C1.501
NT1051	Khai thac du lieu Nâng Cao 951	3	100	8	Thu 5 - Ca 2 - C2.602
IS1052	Co so du lieu Nâng Cao 952	4	90	21	Thu 7 - Ca 4 - A2.202
DS1053	Lap trinh Nâng Cao 953	4	60	36	Thu 6 - Ca 3 - A1.101
CS1054	An toan thong tin Nâng Cao 954	3	80	18	Thu 5 - Ca 1 - B1.301
NT1055	Thiet ke he thong Nâng Cao 955	3	80	21	Thu 7 - Ca 2 - B1.301
PH1056	Toan cao cap Nâng Cao 956	3	60	27	Thu 3 - Ca 2 - B1.301
SE1057	Lap trinh Nâng Cao 957	2	40	24	Thu 4 - Ca 2 - B1.301
IS1058	Mang may tinh Nâng Cao 958	2	80	52	Thu 3 - Ca 2 - C2.602
CE1059	Toan cao cap Nâng Cao 959	3	90	73	Thu 3 - Ca 1 - B2.402
SE1060	Mang may tinh Nâng Cao 960	4	90	84	Thu 6 - Ca 1 - A2.202
IS1061	Thiet ke he thong Nâng Cao 961	4	40	34	Thu 5 - Ca 3 - A2.202
SE1062	Tri tue nhan tao Nâng Cao 962	3	70	51	Thu 7 - Ca 1 - C2.602
SE1063	Tri tue nhan tao Nâng Cao 963	4	60	19	Thu 3 - Ca 3 - C1.501
MA1064	Xy ly anh Nâng Cao 964	3	60	27	Thu 2 - Ca 1 - B1.301
PH1065	Thiet ke he thong Nâng Cao 965	2	80	4	Thu 2 - Ca 1 - C1.501
CS1066	Dien toan dam may Nâng Cao 966	4	50	49	Thu 4 - Ca 2 - C1.501
AI1067	Thiet ke he thong Nâng Cao 967	2	90	62	Thu 5 - Ca 1 - C1.501
LL1068	Vat ly dai hoc Nâng Cao 968	2	80	42	Thu 2 - Ca 4 - A1.101
DS1069	Toan cao cap Nâng Cao 969	3	60	4	Thu 7 - Ca 2 - C2.602
CE1070	Mang may tinh Nâng Cao 970	3	50	7	Thu 2 - Ca 4 - B2.402
PH1071	Vat ly dai hoc Nâng Cao 971	2	40	28	Thu 5 - Ca 3 - C2.602
CS1072	Thiet ke he thong Nâng Cao 972	2	60	42	Thu 7 - Ca 4 - C2.602
SE1073	Xy ly anh Nâng Cao 973	2	50	26	Thu 4 - Ca 2 - B1.301
LL1074	Lap trinh Nâng Cao 974	4	100	70	Thu 2 - Ca 4 - A1.101
MA1075	An toan thong tin Nâng Cao 975	4	80	55	Thu 7 - Ca 4 - C2.602
NT1076	Xy ly anh Nâng Cao 976	3	70	59	Thu 3 - Ca 1 - A2.202
SE1077	Cau truc du lieu Nâng Cao 977	2	40	29	Thu 5 - Ca 2 - B1.301
NT1078	Co so du lieu Nâng Cao 978	2	60	16	Thu 3 - Ca 1 - C2.602
MA1079	Mang may tinh Nâng Cao 979	4	50	17	Thu 5 - Ca 1 - A2.202
LL1080	Lap trinh Nâng Cao 980	4	40	7	Thu 7 - Ca 4 - A2.202
NT1081	Toan cao cap Nâng Cao 981	4	90	68	Thu 6 - Ca 2 - A2.202
CS1082	Tri tue nhan tao Nâng Cao 982	3	40	0	Thu 7 - Ca 4 - B2.402
DS1083	An toan thong tin Nâng Cao 983	3	80	63	Thu 5 - Ca 2 - B2.402
MA1084	Vat ly dai hoc Nâng Cao 984	3	60	24	Thu 2 - Ca 1 - C1.501
NT1085	Khai thac du lieu Nâng Cao 985	3	40	33	Thu 5 - Ca 1 - C2.602
LL1086	Cau truc du lieu Nâng Cao 986	4	70	35	Thu 3 - Ca 4 - A2.202
CE1087	Mang may tinh Nâng Cao 987	2	60	46	Thu 3 - Ca 2 - A2.202
CS1088	Co so du lieu Nâng Cao 988	4	70	2	Thu 6 - Ca 3 - C2.602
NT1089	Toan cao cap Nâng Cao 989	2	90	34	Thu 2 - Ca 4 - A1.101
DS1090	Dien toan dam may Nâng Cao 990	3	70	32	Thu 2 - Ca 2 - A2.202
SE1091	Dien toan dam may Nâng Cao 991	3	40	29	Thu 5 - Ca 1 - C1.501
MA1092	Mang may tinh Nâng Cao 992	4	60	6	Thu 5 - Ca 2 - C1.501
NT1093	Tri tue nhan tao Nâng Cao 993	4	40	11	Thu 7 - Ca 2 - B2.402
SE1094	Tri tue nhan tao Nâng Cao 994	3	80	4	Thu 6 - Ca 1 - B2.402
MA1095	Cau truc du lieu Nâng Cao 995	2	90	30	Thu 3 - Ca 4 - A1.101
MA1096	Mang may tinh Nâng Cao 996	4	60	45	Thu 2 - Ca 4 - A2.202
PH1097	An toan thong tin Nâng Cao 997	2	100	63	Thu 4 - Ca 4 - C2.602
DS1098	Khai thac du lieu Nâng Cao 998	2	50	13	Thu 7 - Ca 2 - B2.402
MA1099	Mang may tinh Nâng Cao 999	3	60	39	Thu 3 - Ca 3 - B1.301
CS1100	Co so du lieu Nâng Cao 1000	2	60	36	Thu 2 - Ca 2 - C1.501
