MaHP,TenHP,TinChi,Max,DaDangKy,LichHoc
CS101,Nhap mon Lap trinh,3,50,45,Thu 2 - Ca 1 - A1.101
CS102,Ky thuat lap trinh,3,50,40,Thu 2 - Ca 2 - A1.102
CS201,Cau truc du lieu,3,60,60,Thu 3 - Ca 1 - A2.101
CS202,Lap trinh huong doi tuong,3,50,20,Thu 3 - Ca 2 - A2.102
SE201,Lap trinh Web,3,40,40,Thu 4 - Ca 1 - B1.201
SE202,Lap trinh Java,3,40,15,Thu 4 - Ca 2 - B1.202
SE203,Lap trinh di dong,3,40,10,Thu 5 - Ca 1 - B2.301
IS201,Co so du lieu,4,60,55,Thu 5 - Ca 2 - B2.302
IS202,He quan tri CSDL,3,50,30,Thu 6 - Ca 1 - C1.101
CS203,Kien truc may tinh,3,50,48,Thu 6 - Ca 2 - C1.102
CS204,He dieu hanh,3,50,50,Thu 2 - Ca 3 - A1.101
CS205,Mang may tinh,3,60,50,Thu 2 - Ca 4 - A1.102
MA101,Toan roi rac,4,80,75,Thu 3 - Ca 3 - A2.101
MA102,Toan cao cap A1,4,100,95,Thu 3 - Ca 4 - A2.102
MA103,Toan cao cap A2,4,100,80,Thu 4 - Ca 3 - B1.201
MA104,Toan cao cap A3,4,100,70,Thu 4 - Ca 4 - B1.202
PH101,Vat ly 1,3,80,60,Thu 5 - Ca 3 - B2.301
PH102,Vat ly 2,3,80,50,Thu 5 - Ca 4 - B2.302
MA201,Xac suat thong ke,3,60,40,Thu 6 - Ca 3 - C1.101
MA202,Phuong phap tinh,3,50,20,Thu 6 - Ca 4 - C1.102
CS301,Tri tue nhan tao,3,40,40,Thu 2 - Ca 1 - A1.201
CS302,Hoc may (Machine Learning),3,40,35,Thu 2 - Ca 2 - A1.202
CS303,Hoc sau (Deep Learning),3,40,25,Thu 3 - Ca 1 - A2.201
CS304,Xy ly anh so,3,40,30,Thu 3 - Ca 2 - A2.202
CS305,Xu ly ngon ngu tu nhien,3,40,10,Thu 4 - Ca 1 - B1.301
IS301,An toan thong tin,3,50,45,Thu 4 - Ca 2 - B1.302
IS302,Mat ma hoc,3,40,20,Thu 5 - Ca 1 - B2.401
IS303,Bao mat mang,3,40,15,Thu 5 - Ca 2 - B2.402
SE301,Phan tich thiet ke he thong,3,50,40,Thu 6 - Ca 1 - C1.201
SE302,Cong nghe phan mem,3,60,55,Thu 6 - Ca 2 - C1.202
SE303,Kiem thu phan mem,3,50,30,Thu 2 - Ca 3 - A1.201
SE304,Quan ly du an CNTT,3,50,20,Thu 2 - Ca 4 - A1.202
IS304,Thuong mai dien tu,3,60,45,Thu 3 - Ca 3 - A2.201
IS305,Khai thac du lieu,3,50,35,Thu 3 - Ca 4 - A2.202
CS306,He chuyen gia,3,40,10,Thu 4 - Ca 3 - B1.301
CS307,Do hoa may tinh,3,50,40,Thu 4 - Ca 4 - B1.302
SE305,Tuong tac nguoi may,3,50,35,Thu 5 - Ca 3 - B2.401
SE306,Phat trien game,3,40,30,Thu 5 - Ca 4 - B2.402
CS308,Mang khong day,3,40,20,Thu 6 - Ca 3 - C1.201
CS309,Dien toan dam may,3,50,45,Thu 6 - Ca 4 - C1.202
CS310,Internet of Things (IoT),3,50,50,Thu 2 - Ca 1 - A1.301
CS311,Lap trinh he thong,3,40,25,Thu 2 - Ca 2 - A1.302
SE307,Kien truc phan mem,3,40,15,Thu 3 - Ca 1 - A2.301
CS312,He thong nhung,3,40,20,Thu 3 - Ca 2 - A2.302
CS313,Thuc te ao (VR),3,40,10,Thu 4 - Ca 1 - B1.401
LL101,Triet hoc Mac - Lenin,3,100,90,Thu 4 - Ca 2 - B1.402
LL102,Kinh te chinh tri,2,100,85,Thu 5 - Ca 1 - B2.501
LL103,Chu nghia xa hoi khoa hoc,2,100,80,Thu 5 - Ca 2 - B2.502
LL104,Lich su Dang,2,100,95,Thu 6 - Ca 1 - C1.301
LL105,Tu tuong Ho Chi Minh,2,100,98,Thu 6 - Ca 2 - C1.302